published_at,important,positive,negative,BTC,ETH,XRP,BCH,LTC,XLM,EOS,NEO,MIOTA,DASH,XMR,VEN,source,title,domain,id,url
2018-02-03 19:30:00,15,1,4,1,0,0,0,0,0,0,0,0,0,0,0,Bitcoin.com,Ledger Addresses Man in the Middle Attack That Threatens Millions of Hardware Wallets,bitcoin.com,974667,https://cryptopanic.com/news/974667/Ledger-Addresses-Man-in-the-Middle-Attack-That-Threatens-Millions-of-Hardware-Wallets
2018-02-03 18:10:59,15,14,11,1,0,0,0,0,0,0,0,0,0,0,0,CoinTelegraph,J.P. Morgan Chase Bans Buying Cryptocurrency With Credit Cards,cointelegraph.com,974539,https://cryptopanic.com/news/974539/JP-Morgan-Chase-Bans-Buying-Cryptocurrency-With-Credit-Cards
2018-02-03 17:46:30,2,3,1,1,0,0,0,0,0,0,0,0,0,0,0,CoinTelegraph,Crypto Dip Humbles South Korean Bitcoin Premium,cointelegraph.com,974473,https://cryptopanic.com/news/974473/Crypto-Dip-Humbles-South-Korean-Bitcoin-Premium
2018-02-03 17:00:36,2,3,3,1,0,0,0,0,0,0,0,0,0,0,0,Coindoo,Why Should You Use Bitcoin?,coindoo.com,974390,https://cryptopanic.com/news/974390/Why-Should-You-Use-Bitcoin
2018-02-03 14:34:41,12,7,2,1,0,0,0,0,0,0,0,0,0,0,0,Bitcoin.com,South Korea Discusses Cryptocurrency Policies With China’s Central Bank,bitcoin.com,974134,https://cryptopanic.com/news/974134/South-Korea-Discusses-Cryptocurrency-Policies-With-Chinas-Central-Bank
2018-02-03 14:16:45,4,6,0,1,0,0,0,0,0,0,0,0,0,0,0,CoinTelegraph,Crypto Has What it Takes to Break the Flawed Financial System,cointelegraph.com,974112,https://cryptopanic.com/news/974112/Crypto-Has-What-it-Takes-to-Break-the-Flawed-Financial-System
2018-02-03 13:10:37,85,58,6,1,1,0,0,0,0,0,0,0,0,0,0,AMBCrypto,"A deeper investigation into why Bitcoin, Ethereum and other markets are falling!",ambcrypto.com,963774,https://cryptopanic.com/news/963774/A-deeper-investigation-into-why-Bitcoin-Ethereum-and-other-markets-are-falling
2018-02-03 13:07:26,7,6,0,1,0,0,0,0,0,0,0,0,0,0,0,AMBCrypto,Blockchain to get integrated with Logistics as FedEx announces adoption of this futuristic technology,ambcrypto.com,974031,https://cryptopanic.com/news/974031/Blockchain-to-get-integrated-with-Logistics-as-FedEx-announces-adoption-of-this-futuristic-technology
2018-02-03 12:47:20,10,8,4,1,0,0,0,0,0,0,0,0,0,0,0,AMBCrypto,JP Morgan Chase and Bank of America ban Bitcoin credit card – Neutral market sentiment,ambcrypto.com,974013,https://cryptopanic.com/news/974013/JP-Morgan-Chase-and-Bank-of-America-ban-Bitcoin-credit-card-Neutral-market-sentiment
2018-02-03 10:00:04,16,12,6,1,0,0,0,0,0,0,0,0,0,0,0,Bitcoin.com,Japanese Financial Authority Inspecting 32 Cryptocurrency Exchanges,bitcoin.com,973408,https://cryptopanic.com/news/973408/Japanese-Financial-Authority-Inspecting-32-Cryptocurrency-Exchanges
2018-02-03 09:53:51,7,10,0,1,0,0,0,0,0,0,0,0,0,0,0,CoinTelegraph,Bitcoin Mining Comes To New York As Lawmakers Approve Power Allocation,cointelegraph.com,973409,https://cryptopanic.com/news/973409/Bitcoin-Mining-Comes-To-New-York-As-Lawmakers-Approve-Power-Allocation
2018-02-03 09:10:26,2,6,1,1,0,0,0,0,0,0,1,0,0,0,0,CryptoNinjas,BitMEX announces Neo $100K Giveaway,cryptoninjas.net,973221,https://cryptopanic.com/news/973221/BitMEX-announces-Neo-100K-Giveaway
2018-02-03 07:50:26.750885,0,6,0,1,0,0,0,0,0,0,0,0,0,0,0,r/BitcoinMarkets Reddit,Do you guys think bitcoin will go back up soon?,r/BitcoinMarkets,972798,https://cryptopanic.com/news/972798/Do-you-guys-think-bitcoin-will-go-back-up-soon
2018-02-03 07:44:53,8,9,4,1,0,0,0,0,0,0,0,0,0,0,0,ForkLog,"So, Have We Got Tethered?",forklog.net,972786,https://cryptopanic.com/news/972786/So-Have-We-Got-Tethered
2018-02-03 04:55:37,3,5,1,1,0,0,0,0,0,0,0,0,0,0,0,Bitcoin.com,Dead again? In Reality Bitcoin Is Up 729% Since Last February,bitcoin.com,972159,https://cryptopanic.com/news/972159/Dead-again-In-Reality-Bitcoin-Is-Up-729-Since-Last-February
2018-02-03 02:30:58,5,3,3,1,0,0,0,0,0,0,0,0,0,0,0,Bitcoinist,United Parcel Service (UPS) Patents Decentralized Locker Bank That Accepts Bitcoin,bitcoinist.com,971779,https://cryptopanic.com/news/971779/United-Parcel-Service-UPS-Patents-Decentralized-Locker-Bank-That-Accepts-Bitcoin
2018-02-03 02:00:34,2,4,0,1,0,0,0,0,0,0,0,0,0,0,0,Bitcoin.com,"Montana is Home to New 53 Acre, $75 Million Bitcoin Mining Facility",bitcoin.com,971399,https://cryptopanic.com/news/971399/Montana-is-Home-to-New-53-Acre-75-Million-Bitcoin-Mining-Facility
2018-02-03 01:50:27.977954,8,20,2,1,0,0,0,0,0,0,1,0,0,0,0,Reddit,"Bitcoin is bottoming, expect a 70 percent surge: Trader Bill Baruch (CNBC) Neo #2",r/NEO,971285,https://cryptopanic.com/news/971285/Bitcoin-is-bottoming-expect-a-70-percent-surge-Trader-Bill-Baruch-CNBC-Neo-2
2018-02-03 00:30:40,5,8,2,1,0,0,0,0,0,0,0,0,0,0,0,NewsBTC,"In This Storm, Be Hopeful; Lightning is on the Horizon",newsbtc.com,970927,https://cryptopanic.com/news/970927/In-This-Storm-Be-Hopeful-Lightning-is-on-the-Horizon
2018-02-02 23:20:12.859114,14,21,0,1,0,0,0,0,0,1,0,0,0,0,0,EOS Reddit,India Is Not Banning Bitcoin,r/eos,970430,https://cryptopanic.com/news/970430/India-Is-Not-Banning-Bitcoin
2018-02-02 21:40:24.462629,17,45,0,1,0,0,0,0,0,0,0,0,0,0,0,r/BitcoinMarkets Reddit,"Well, today is a happy day.",r/BitcoinMarkets,969768,https://cryptopanic.com/news/969768/Well-today-is-a-happy-day
2018-02-02 21:22:37,7,16,0,1,0,0,0,0,0,0,0,0,0,0,0,CoinTelegraph,"CNBC’s Ran Neuner Says Bitcoin Will End 2018 At $50,000",cointelegraph.com,969765,https://cryptopanic.com/news/969765/CNBCs-Ran-Neuner-Says-Bitcoin-Will-End-2018-At-50000
2018-02-02 21:15:57,5,9,5,1,0,0,1,0,0,0,0,0,0,0,0,Live Bitcoin News,Trezor Won’t Support the Bitcoin Cash CashAddr Upgrade,livebitcoinnews.com,969563,https://cryptopanic.com/news/969563/Trezor-Wont-Support-the-Bitcoin-Cash-CashAddr-Upgrade
2018-02-02 19:44:54,4,8,0,1,0,0,0,0,0,0,0,0,0,0,0,Live Bitcoin News,BitPay Invoices are now Compatible with SegWit Wallets,livebitcoinnews.com,968743,https://cryptopanic.com/news/968743/BitPay-Invoices-are-now-Compatible-with-SegWit-Wallets
2018-02-02 18:44:52,3,6,19,1,0,0,0,0,0,0,0,0,0,0,0,Live Bitcoin News,Economist Who Predicted Financial Crash Calls Bitcoin the ‘Mother of All Bubbles’,livebitcoinnews.com,968225,https://cryptopanic.com/news/968225/Economist-Who-Predicted-Financial-Crash-Calls-Bitcoin-the-Mother-of-All-Bubbles
2018-02-02 18:30:33,2,7,0,1,1,0,0,1,0,0,0,0,0,0,0,BTC Manager,"Victoria Harbourcats: Another Sports Franchise Begins Accepting Bitcoin, Ethereum, and Litecoin",btcmanager.com,968365,https://cryptopanic.com/news/968365/Victoria-Harbourcats-Another-Sports-Franchise-Begins-Accepting-Bitcoin-Ethereum-and-Litecoin
2018-02-02 16:39:55,6,6,0,1,0,0,0,0,0,0,0,0,0,0,0,CoinTelegraph,Russia: PM Medvedev Sees Promise In Cross-National Crypto Regulation,cointelegraph.com,967135,https://cryptopanic.com/news/967135/Russia-PM-Medvedev-Sees-Promise-In-Cross-National-Crypto-Regulation
2018-02-02 15:13:27,7,12,1,1,0,0,0,0,0,0,0,0,0,0,0,Coindoo,Russians Are Now Allowed to Mine Cryptocurrencies on their Territory: What’s the Bad Part?,coindoo.com,966370,https://cryptopanic.com/news/966370/Russians-Are-Now-Allowed-to-Mine-Cryptocurrencies-on-their-Territory-Whats-the-Bad-Part
2018-02-02 14:40:23.890486,3,12,1,1,0,0,0,0,0,0,0,0,0,0,0,r/BitcoinMarkets Reddit,You heard it here first: The correction is over,r/BitcoinMarkets,965893,https://cryptopanic.com/news/965893/You-heard-it-here-first-The-correction-is-over
2018-02-02 14:14:21,10,33,4,1,0,0,0,0,0,0,0,0,0,0,0,CryptoPost,Bitcoin Could Have Reached The Bottom,cryptopost.com,965677,https://cryptopanic.com/news/965677/Bitcoin-Could-Have-Reached-The-Bottom
2018-02-02 14:07:35,9,20,0,1,0,0,0,0,1,0,0,0,0,0,0,Ethereum World News,CEX.IO Adds Stellar Lumens (XLM) as a new Option for Trading,ethereumworldnews.com,965621,https://cryptopanic.com/news/965621/CEXIO-Adds-Stellar-Lumens-XLM-as-a-new-Option-for-Trading
2018-02-02 13:55:43,10,1,2,1,0,0,0,0,0,0,0,0,0,1,0,Bitcoin.com,"Leaked Document Appears to Show NSA Infiltrated Cryptos, Tor, VPN",bitcoin.com,965402,https://cryptopanic.com/news/965402/Leaked-Document-Appears-to-Show-NSA-Infiltrated-Cryptos-Tor-VPN
2018-02-02 13:55:40,8,21,0,1,0,0,0,1,0,0,0,0,0,0,0,CoinTelegraph,"Charlie Lee: Bullish on Bitcoin And Litecoin Long Term, Short Term Impossible To Predict",cointelegraph.com,965673,https://cryptopanic.com/news/965673/Charlie-Lee-Bullish-on-Bitcoin-And-Litecoin-Long-Term-Short-Term-Impossible-To-Predict
2018-02-02 13:32:31,2,6,1,1,1,0,0,0,0,0,0,0,0,0,0,CoinJournal,Estonian Startup VLBToken Unveils Blockchain-Based Car History Registry,coinjournal.net,965197,https://cryptopanic.com/news/965197/Estonian-Startup-VLBToken-Unveils-Blockchain-Based-Car-History-Registry
2018-02-02 13:29:22,5,9,3,1,1,1,0,0,0,0,0,0,0,0,0,Bitcoin.com,The Cryptocurrency Markets Are Having an Interesting Week,bitcoin.com,965049,https://cryptopanic.com/news/965049/The-Cryptocurrency-Markets-Are-Having-an-Interesting-Week
2018-02-02 13:24:15,5,6,5,1,1,0,0,0,0,0,0,0,0,0,0,Trustnodes,"Ethereum Crashes 30%, Bitcoin Briefly Breaks Below $8,000",trustnodes.com,964996,https://cryptopanic.com/news/964996/Ethereum-Crashes-30-Bitcoin-Briefly-Breaks-Below-8000
2018-02-02 13:20:32.092040,15,17,13,1,0,1,0,0,0,0,0,0,0,0,0,Ripple Reddit,Bitcoin needs to go - why this crash might be good in the long run,r/Ripple,964944,https://cryptopanic.com/news/964944/Bitcoin-needs-to-go-why-this-crash-might-be-good-in-the-long-run
2018-02-02 13:16:38,4,9,1,1,0,0,0,0,0,0,0,0,0,0,0,Use The Bitcoin,Twitter CEO Jack Dorsey supports Bitcoin as a pathway to financial growth,usethebitcoin.com,964993,https://cryptopanic.com/news/964993/Twitter-CEO-Jack-Dorsey-supports-Bitcoin-as-a-pathway-to-financial-growth
2018-02-02 12:55:48,3,8,1,1,0,0,0,0,0,0,0,0,0,0,0,Bitcoin.com,Bank of Russia Allows Crypto Mining But Proposes Miners Sell Their Coins Overseas,bitcoin.com,964699,https://cryptopanic.com/news/964699/Bank-of-Russia-Allows-Crypto-Mining-But-Proposes-Miners-Sell-Their-Coins-Overseas
2018-02-02 10:50:14,4,5,6,1,0,0,0,0,0,0,0,0,0,0,0,CoinTelegraph,A New Platform Introduces Automated Crypto Trading,cointelegraph.com,963499,https://cryptopanic.com/news/963499/A-New-Platform-Introduces-Automated-Crypto-Trading
2018-02-02 10:43:31,10,22,0,1,0,0,0,0,0,0,0,0,0,0,0,Coindoo,Austrian Startup Realizes First Lightning Transaction on a Bitcoin ATM,coindoo.com,963418,https://cryptopanic.com/news/963418/Austrian-Startup-Realizes-First-Lightning-Transaction-on-a-Bitcoin-ATM
2018-02-02 10:00:24,0,7,0,1,0,0,0,0,0,0,0,0,0,0,0,NewsBTC,This Hedge Fund Manager Would Never Consider Betting Against Bitcoin,newsbtc.com,963122,https://cryptopanic.com/news/963122/This-Hedge-Fund-Manager-Would-Never-Consider-Betting-Against-Bitcoin
2018-02-02 09:09:08,7,10,0,1,1,0,0,0,0,0,0,0,0,0,0,Coindoo,The Users of Square Cash App are Able Now to Buy and Sell Bitcoins,coindoo.com,962713,https://cryptopanic.com/news/962713/The-Users-of-Square-Cash-App-are-Able-Now-to-Buy-and-Sell-Bitcoins
2018-02-02 08:23:14,28,51,0,1,1,0,0,1,0,0,0,0,0,0,0,AMBCrypto,"Australian airport to become World’s First Cryptocurrency Airport – to accept Bitcoin, Ethereum and more",ambcrypto.com,962436,https://cryptopanic.com/news/962436/Australian-airport-to-become-Worlds-First-Cryptocurrency-Airport-to-accept-Bitcoin-Ethereum-and-more
2018-02-02 05:43:17,1,0,5,1,0,0,0,0,0,0,0,0,0,0,0,NewsBTC,Bitcoin Price Technical Analysis for 02/02/2018 – Another Nearby Support,newsbtc.com,961607,https://cryptopanic.com/news/961607/Bitcoin-Price-Technical-Analysis-for-02022018-Another-Nearby-Support
2018-02-02 05:20:19.407531,2,1,2,1,0,0,0,0,0,0,0,0,0,0,0,NEM Reddit,Bitcoin Prices Fall Amid Reports Of India Crypto Regulation,r/nem,961584,https://cryptopanic.com/news/961584/Bitcoin-Prices-Fall-Amid-Reports-Of-India-Crypto-Regulation
2018-02-02 03:30:11,16,25,0,1,1,0,0,0,0,0,0,0,0,1,0,Bitcoin.com,AMD Increases GPU Production to Match Crypto Mining Demand,bitcoin.com,961419,https://cryptopanic.com/news/961419/AMD-Increases-GPU-Production-to-Match-Crypto-Mining-Demand
2018-02-02 03:10:23.135900,3,13,0,1,0,0,0,0,0,0,0,0,0,0,0,r/BitcoinMarkets Reddit,My case for you to dump USD assets and BTFBD,r/BitcoinMarkets,961399,https://cryptopanic.com/news/961399/My-case-for-you-to-dump-USD-assets-and-BTFBD
2018-02-02 00:49:21,1,4,9,1,0,0,0,0,0,0,0,0,0,0,0,CoinTelegraph,Wolf Of Wall Street Says Bitcoin Could Hit $50K Before Crashing,cointelegraph.com,960730,https://cryptopanic.com/news/960730/Wolf-Of-Wall-Street-Says-Bitcoin-Could-Hit-50K-Before-Crashing
2018-02-01 23:55:51,10,7,15,1,0,0,0,0,0,0,0,0,0,0,0,Bitcoin.com,Coinbase Sends American Clients IRS Tax Form 1099-K,bitcoin.com,960239,https://cryptopanic.com/news/960239/Coinbase-Sends-American-Clients-IRS-Tax-Form-1099-K
2018-02-01 22:30:47.360617,10,40,3,1,0,0,0,0,0,0,0,0,0,0,0,r/BitcoinMarkets Reddit,BTC - buy with both hands at 8145 and below...here's why,r/BitcoinMarkets,960117,https://cryptopanic.com/news/960117/BTC-buy-with-both-hands-at-8145-and-belowheres-why
2018-02-01 22:05:02,14,16,1,1,0,0,0,0,0,0,0,0,0,0,0,BTC Manager,Major Bitcoin Exchange Bittrex Indicates it will Open up to USD Deposits,btcmanager.com,960150,https://cryptopanic.com/news/960150/Major-Bitcoin-Exchange-Bittrex-Indicates-it-will-Open-up-to-USD-Deposits
2018-02-01 21:35:03,10,24,0,1,0,0,0,0,0,0,0,0,1,0,0,ZyCrypto,Brisbane Airport starts accepting cryptocurrencies as a means of payment,zycrypto.com,960008,https://cryptopanic.com/news/960008/Brisbane-Airport-starts-accepting-cryptocurrencies-as-a-means-of-payment
2018-02-01 21:23:50,3,19,0,1,0,0,0,0,0,0,0,0,0,0,0,CryptoBriefing,"FUD This Shit, I’m Buying Some Bitcoin",cryptobriefing.com,959968,https://cryptopanic.com/news/959968/FUD-This-Shit-Im-Buying-Some-Bitcoin
2018-02-01 21:10:17,2,5,1,1,0,0,1,0,0,0,0,0,0,0,0,Bitcoin.com,Bitcoin.com Introduces the New Buy Bitcoin Cash Portal,bitcoin.com,959965,https://cryptopanic.com/news/959965/Bitcoincom-Introduces-the-New-Buy-Bitcoin-Cash-Portal
2018-02-01 20:49:57,12,29,1,1,1,0,0,0,0,0,0,0,0,0,0,Use The Bitcoin,Will Ethereum be a Better Investment than Bitcoin in 2018?,usethebitcoin.com,959901,https://cryptopanic.com/news/959901/Will-Ethereum-be-a-Better-Investment-than-Bitcoin-in-2018
2018-02-01 20:11:09,16,24,0,1,0,0,0,0,0,0,0,1,0,0,0,CoinJournal,City of Taipei to Use IOTA’s Blockless Tangle for its Smart City Goals,coinjournal.net,959551,https://cryptopanic.com/news/959551/City-of-Taipei-to-Use-IOTAs-Blockless-Tangle-for-its-Smart-City-Goals
2018-02-01 20:00:16,1,5,0,1,0,0,0,0,0,0,0,0,0,0,0,Bitcoinist,Twitter CEO Jack Dorsey: Bitcoin Provides Broader Financial Access for All,bitcoinist.com,959630,https://cryptopanic.com/news/959630/Twitter-CEO-Jack-Dorsey-Bitcoin-Provides-Broader-Financial-Access-for-All
2018-02-01 17:55:06,4,5,8,1,0,0,0,0,0,0,0,0,0,0,0,Trustnodes,"Bitcoin Breaks Below $9,000",trustnodes.com,958262,https://cryptopanic.com/news/958262/Bitcoin-Breaks-Below-9000
2018-02-01 16:35:06.626881,19,39,2,1,1,0,0,0,0,0,0,0,0,0,0,Reddit - cryptocurrency,Tired of waking up seeing red? Then start trading with ETH instead of BTC,r/CryptoCurrency,957310,https://cryptopanic.com/news/957310/Tired-of-waking-up-seeing-red-Then-start-trading-with-ETH-instead-of-BTC
2018-02-01 16:30:37,1,7,0,1,0,0,0,1,0,0,0,0,0,0,0,Profit Confidential,Litecoin Price Prediction 2018: Is Litecoin Potential Higher Than Current Counterparts?,profitconfidential.com,957415,https://cryptopanic.com/news/957415/Litecoin-Price-Prediction-2018-Is-Litecoin-Potential-Higher-Than-Current-Counterparts
2018-02-01 15:45:59,16,30,26,1,0,1,0,1,0,0,0,0,0,0,0,Profit Confidential,Cryptocurrency Price Predictions 2018: Ripple Is the Clear Winner,profitconfidential.com,15246,https://cryptopanic.com/news/15246/Cryptocurrency-Price-Predictions-2018-Ripple-Is-the-Clear-Winner
2018-02-01 15:31:07,1,0,7,1,0,0,0,0,0,0,0,0,0,0,0,Live Bitcoin News,"Bitcoin is No Substitute to Replace Gold, Says World Gold Council",livebitcoinnews.com,956700,https://cryptopanic.com/news/956700/Bitcoin-is-No-Substitute-to-Replace-Gold-Says-World-Gold-Council
2018-02-01 15:25:06.159430,15,30,0,1,1,0,0,0,0,0,0,0,0,0,0,Reddit - cryptocurrency,Ethereum Really Starting To Separate Itself From Bitcoin In A Big Way,r/CryptoCurrency,956598,https://cryptopanic.com/news/956598/Ethereum-Really-Starting-To-Separate-Itself-From-Bitcoin-In-A-Big-Way
2018-02-01 14:42:04,55,71,4,1,0,0,0,0,0,0,0,0,0,0,0,AMBCrypto,Bitcoin is not banned in India – community lashes out at misinterpreted news published by certain news sites,ambcrypto.com,956209,https://cryptopanic.com/news/956209/Bitcoin-is-not-banned-in-India-community-lashes-out-at-misinterpreted-news-published-by-certain-news-sites
2018-02-01 14:37:34,9,18,0,1,1,0,0,0,0,0,0,0,0,0,0,Trustnodes,"Ethereum Up, Bitcoin Down, Gap Closes to $40 Billion, is the Flippening Nigh?",trustnodes.com,956142,https://cryptopanic.com/news/956142/Ethereum-Up-Bitcoin-Down-Gap-Closes-to-40-Billion-is-the-Flippening-Nigh
2018-02-01 14:00:46,5,14,0,1,0,0,0,0,0,0,0,0,0,0,0,NewsBTC,Cash Carrying Japan Crazy for Crypto,newsbtc.com,955745,https://cryptopanic.com/news/955745/Cash-Carrying-Japan-Crazy-for-Crypto
2018-02-01 13:48:27,7,12,1,1,0,0,0,1,0,0,0,0,0,0,0,Profit Confidential,Litecoin Price Prediction: Upcoming Litecoin Upgrade to Put LTC Ahead of BTC,profitconfidential.com,955746,https://cryptopanic.com/news/955746/Litecoin-Price-Prediction-Upcoming-Litecoin-Upgrade-to-Put-LTC-Ahead-of-BTC
2018-02-01 13:46:33,1,5,0,1,0,0,0,0,0,0,0,0,0,0,0,ZyCrypto,Turkish football club demonstrates utility of Bitcoin.,zycrypto.com,955594,https://cryptopanic.com/news/955594/Turkish-football-club-demonstrates-utility-of-Bitcoin
2018-02-01 13:40:48,2,6,0,1,0,1,0,0,0,0,0,0,0,0,0,Live Bitcoin News,"Unocoin Announces Support for Bitcoin Cash, XRP, and Other Currencies",livebitcoinnews.com,955498,https://cryptopanic.com/news/955498/Unocoin-Announces-Support-for-Bitcoin-Cash-XRP-and-Other-Currencies
2018-02-01 13:01:44,6,2,10,1,0,0,0,0,0,0,0,0,0,0,0,Quartz,"In one brutal month, nearly $50 billion was wiped off of bitcoin’s market value",qz.com,955143,https://cryptopanic.com/news/955143/In-one-brutal-month-nearly-50-billion-was-wiped-off-of-bitcoins-market-value
2018-02-01 12:52:19,7,4,14,1,0,0,0,0,0,0,0,0,0,0,0,Live Bitcoin News,"India Wants to ‘Eliminate’ the Use of Cryptocurrencies, Embraces the Blockchain",livebitcoinnews.com,955020,https://cryptopanic.com/news/955020/India-Wants-to-Eliminate-the-Use-of-Cryptocurrencies-Embraces-the-Blockchain
2018-02-01 12:46:40,10,21,2,1,0,0,0,0,0,0,0,0,0,0,0,Coindoo,Samsung is Developing Their Own Bitcoin Mining Chip,coindoo.com,954956,https://cryptopanic.com/news/954956/Samsung-is-Developing-Their-Own-Bitcoin-Mining-Chip
2018-02-01 11:56:00,1,5,2,1,0,0,0,0,0,0,0,0,0,0,0,Investopedia,"Bitcoin Tumbles After India Promises to ""Eliminate"" Use of Cryptocurrencies in the ""Payment System""",investopedia.com,954681,https://cryptopanic.com/news/954681/Bitcoin-Tumbles-After-India-Promises-to-Eliminate-Use-of-Cryptocurrencies-in-the-Payment-System
2018-02-01 11:55:14,2,5,0,1,0,0,0,0,0,0,0,0,0,0,0,Bitcoin.com,Mobile Payment Company Square Launches In-app Bitcoin Buy/Sell Option,bitcoin.com,954680,https://cryptopanic.com/news/954680/Mobile-Payment-Company-Square-Launches-In-app-Bitcoin-BuySell-Option
2018-02-01 11:39:19,11,20,0,1,0,0,0,0,0,0,0,0,0,0,0,CoinTelegraph,India: Bitcoin Prices Drop As Media Misinterprets Govt’s Regulation Speech,cointelegraph.com,954561,https://cryptopanic.com/news/954561/India-Bitcoin-Prices-Drop-As-Media-Misinterprets-Govts-Regulation-Speech
2018-02-01 11:04:07,1,6,0,1,0,0,0,0,0,0,0,0,0,0,0,NewsBTC,Bitcoin Price Watch; Hedging The Dip,newsbtc.com,954222,https://cryptopanic.com/news/954222/Bitcoin-Price-Watch-Hedging-The-Dip
2018-02-01 10:27:05,5,16,0,1,0,0,0,0,0,0,0,0,0,0,0,CoinTelegraph,Square Cash App Releases Bitcoin Buy/Sell Option To Almost All Users,cointelegraph.com,954053,https://cryptopanic.com/news/954053/Square-Cash-App-Releases-Bitcoin-BuySell-Option-To-Almost-All-Users
2018-02-01 10:22:56,17,38,0,1,0,0,0,0,0,0,0,0,0,0,0,Coindoo,Sberbank Will Launch a Crypto Exchange in Zurich,coindoo.com,953980,https://cryptopanic.com/news/953980/Sberbank-Will-Launch-a-Crypto-Exchange-in-Zurich
2018-02-01 10:20:23.792684,2,4,0,1,0,0,1,0,0,0,0,0,0,0,0,r/btc Reddit,HitBTC - Will now trade Bitcoin Cash under symbol BCH instead of BCC.,r/btc,953930,https://cryptopanic.com/news/953930/HitBTC-Will-now-trade-Bitcoin-Cash-under-symbol-BCH-instead-of-BCC
2018-02-01 09:54:07,17,33,0,1,0,0,0,0,0,0,0,0,0,0,0,NewsBTC,Curbing Illegal Activities is Not a Crypto Clampdown in India,newsbtc.com,953732,https://cryptopanic.com/news/953732/Curbing-Illegal-Activities-is-Not-a-Crypto-Clampdown-in-India
2018-02-01 09:30:17,2,8,0,1,0,0,0,0,0,0,0,0,0,0,0,NewsBTC,Insurance Providers Venture into Cryptocurrency,newsbtc.com,953617,https://cryptopanic.com/news/953617/Insurance-Providers-Venture-into-Cryptocurrency
2018-02-01 09:24:30,7,13,3,1,0,0,0,0,0,0,0,0,0,0,0,Quartz,"India’s government wants to kill bitcoin, but it loves blockchain",qz.com,953512,https://cryptopanic.com/news/953512/Indias-government-wants-to-kill-bitcoin-but-it-loves-blockchain
2018-02-01 09:00:31,2,5,0,1,0,0,0,0,0,0,0,0,0,0,0,Bitcoinist,Square’s Cash App Helps Make Bitcoin More Accessible,bitcoinist.com,953556,https://cryptopanic.com/news/953556/Squares-Cash-App-Helps-Make-Bitcoin-More-Accessible
2018-02-01 07:41:10,2,6,0,1,0,0,0,0,0,0,0,0,0,0,0,AMBCrypto,Line Corp a popular messaging service company to launch cryptocurrency services,ambcrypto.com,952875,https://cryptopanic.com/news/952875/Line-Corp-a-popular-messaging-service-company-to-launch-cryptocurrency-services
2018-02-01 07:31:28,42,19,54,1,0,0,0,1,0,0,0,0,0,0,0,Quartz,Arun Jaitley has just killed India’s cryptocurrency party,qz.com,952797,https://cryptopanic.com/news/952797/Arun-Jaitley-has-just-killed-Indias-cryptocurrency-party
2018-02-01 07:20:32.950197,2,6,0,1,0,0,0,0,0,0,0,0,0,0,0,r/BitcoinMarkets Reddit,Cex.io registrations open again,r/BitcoinMarkets,952714,https://cryptopanic.com/news/952714/Cexio-registrations-open-again
2018-02-01 06:40:21,42,68,0,1,0,0,0,0,0,0,0,0,0,0,0,CryptoNinjas,Bittrex CEO: “We will have US Dollar Trading”,cryptoninjas.net,952471,https://cryptopanic.com/news/952471/Bittrex-CEO-We-will-have-US-Dollar-Trading
2018-02-01 06:00:04,4,7,1,1,0,0,0,0,0,0,0,0,0,0,0,AMBCrypto,Bitfury’s Crystal to up the security of Bitcoin blockchain,ambcrypto.com,952238,https://cryptopanic.com/news/952238/Bitfurys-Crystal-to-up-the-security-of-Bitcoin-blockchain
2018-02-01 03:00:46,4,3,14,1,0,0,1,0,0,0,0,0,0,0,0,Bitcoin.com,Search the Blockchain With Bitcoin.com’s New Block Explorer,bitcoin.com,951383,https://cryptopanic.com/news/951383/Search-the-Blockchain-With-Bitcoincoms-New-Block-Explorer
2018-02-01 01:38:09,2,4,1,1,1,1,0,1,1,1,1,0,0,0,0,CoinTelegraph,"Bitcoin, Ethereum, Bitcoin Cash, Ripple, Stellar, Litecoin, NEM, NEO, EOS: Price Analysis, Jan. 31",cointelegraph.com,950994,https://cryptopanic.com/news/950994/Bitcoin-Ethereum-Bitcoin-Cash-Ripple-Stellar-Litecoin-NEM-NEO-EOS-Price-Analysis-Jan-31
2018-02-01 00:42:39.138310,16,37,0,1,0,0,0,0,0,0,0,0,0,0,0,Reddit - cryptocurrency,"This is Huge and it's being almost ignored, this post would have skyrocketed Bitcoin a few years ago and would be #1 post. This guy is the Founder and CEO of Twitter, pinning this awesome post and intro to BTC for his millions of followers.",r/CryptoCurrency,950481,https://cryptopanic.com/news/950481/This-is-Huge-and-its-being-almost-ignored-this-post-would-have-skyrocketed-Bitcoin-a-few-years-ago-and-would-be-1-post-This-guy-is-the-Founder-and-CEO-of-Twitter-pinning-this-awesome-post-and-intro-to-BTC-for-his-millions-of-followers
2018-02-01 00:00:14,16,27,0,1,0,0,0,0,0,0,0,0,0,0,0,NewsBTC,South Korean Finance Minister Reiterates Stance: No Ban,newsbtc.com,950194,https://cryptopanic.com/news/950194/South-Korean-Finance-Minister-Reiterates-Stance-No-Ban
2018-01-31 22:00:48.729631,2,12,3,1,0,0,0,0,0,0,0,0,0,0,0,r/Bitcoin Reddit,Who feels better after seeing this ? ;),r/Bitcoin,949216,https://cryptopanic.com/news/949216/Who-feels-better-after-seeing-this
2018-01-31 21:05:11,11,15,0,1,0,0,0,0,0,0,0,0,0,0,0,Live Bitcoin News,South Korea’s Wemakeprice Prepares to Integrate Cryptocurrency Payments,livebitcoinnews.com,948792,https://cryptopanic.com/news/948792/South-Koreas-Wemakeprice-Prepares-to-Integrate-Cryptocurrency-Payments
2018-01-31 20:36:42,19,32,0,1,0,0,0,0,0,0,0,0,0,0,0,CoinTelegraph,Russia’s Largest State Bank To Open Cryptocurrency Exchange In Europe,cointelegraph.com,948656,https://cryptopanic.com/news/948656/Russias-Largest-State-Bank-To-Open-Cryptocurrency-Exchange-In-Europe
2018-01-31 20:17:57,28,53,0,1,0,0,0,0,0,0,0,0,0,0,0,Bitcoin.com,South Korean Court Rules Bitcoin Has Economic Value,bitcoin.com,948394,https://cryptopanic.com/news/948394/South-Korean-Court-Rules-Bitcoin-Has-Economic-Value
2018-01-31 19:59:44,1,2,12,1,0,0,0,0,0,0,0,0,0,0,0,Trustnodes,“Our Collective Thoughts” Are a Bitcoin Ban is Desirable Says Netherlands’ Finance Minister,trustnodes.com,948270,https://cryptopanic.com/news/948270/Our-Collective-Thoughts-Are-a-Bitcoin-Ban-is-Desirable-Says-Netherlands-Finance-Minister
2018-01-31 19:43:08,1,7,1,1,0,0,0,0,0,0,0,0,0,0,0,CoinTelegraph,"Goldman Sachs Is Not Starting A Crypto Trading Desk, But They Did Invest In One",cointelegraph.com,948118,https://cryptopanic.com/news/948118/Goldman-Sachs-Is-Not-Starting-A-Crypto-Trading-Desk-But-They-Did-Invest-In-One
2018-01-31 19:00:05,1,5,0,1,0,0,0,0,0,0,0,0,0,0,0,Bitcoinist,Turkish Football Team Buys Player With Bitcoin,bitcoinist.com,947952,https://cryptopanic.com/news/947952/Turkish-Football-Team-Buys-Player-With-Bitcoin
2018-01-31 17:15:47.717539,27,35,1,1,1,0,0,0,0,0,0,0,0,0,0,Reddit - cryptocurrency,Ethereum and Bitcoin appear to be separating. ETH is in a 14 day uptrend while BTC is still in a 25 day downtrend.,r/CryptoCurrency,946709,https://cryptopanic.com/news/946709/Ethereum-and-Bitcoin-appear-to-be-separating-ETH-is-in-a-14-day-uptrend-while-BTC-is-still-in-a-25-day-downtrend
2018-01-31 15:52:12,3,7,1,1,0,0,0,0,0,0,0,0,0,0,0,Coindoo,191 Bitcoin Confiscated by South Korean Authorities,coindoo.com,945950,https://cryptopanic.com/news/945950/191-Bitcoin-Confiscated-by-South-Korean-Authorities
2018-01-31 15:51:41,22,51,0,1,0,0,0,0,0,0,0,0,0,0,0,CoinTelegraph,South Korea Finance Minister Confirms ‘No Ban’ On Cryptocurrency,cointelegraph.com,945954,https://cryptopanic.com/news/945954/South-Korea-Finance-Minister-Confirms-No-Ban-On-Cryptocurrency
2018-01-31 15:05:46,6,16,0,1,0,0,0,0,0,0,0,0,0,0,0,Live Bitcoin News,Former US Senator: Bitcoin Could ‘Alter the World’ and ‘Neuter’ Central Banks,livebitcoinnews.com,945403,https://cryptopanic.com/news/945403/Former-US-Senator-Bitcoin-Could-Alter-the-World-and-Neuter-Central-Banks
2018-01-31 14:55:39,0,7,0,1,0,0,0,0,0,0,0,0,0,0,0,Bitcoin.com,Number of People Looking for Crypto-Careers Increased 10-Fold in 2017,bitcoin.com,945319,https://cryptopanic.com/news/945319/Number-of-People-Looking-for-Crypto-Careers-Increased-10-Fold-in-2017
2018-01-31 14:44:23,0,9,0,1,0,0,0,0,0,0,0,0,0,0,0,Coindoo,The Japanese Company LINE Has Launched Its Own Crypto Exchange,coindoo.com,945228,https://cryptopanic.com/news/945228/The-Japanese-Company-LINE-Has-Launched-Its-Own-Crypto-Exchange
2018-01-31 14:43:40,1,7,0,1,0,0,0,0,0,0,0,0,0,0,0,CoinTelegraph,"Venezuela Says Crypto Mining Now ‘Perfectly Legal,’ Announces Petro Presale",cointelegraph.com,945231,https://cryptopanic.com/news/945231/Venezuela-Says-Crypto-Mining-Now-Perfectly-Legal-Announces-Petro-Presale
2018-01-31 13:49:34,3,20,0,1,1,0,0,0,0,0,0,0,0,0,0,Trustnodes,Ethereum’s Bitcoin Ratio Rises to Its Highest Level in Months,trustnodes.com,944740,https://cryptopanic.com/news/944740/Ethereums-Bitcoin-Ratio-Rises-to-Its-Highest-Level-in-Months
2018-01-31 13:39:00,10,2,8,1,0,0,0,0,0,0,0,0,0,0,0,Coin Idol,"A Subpoena to Bitfinex and Tether Made Bitcoin Price Fall Under $10,000 Threshold",coinidol.com,944622,https://cryptopanic.com/news/944622/A-Subpoena-to-Bitfinex-and-Tether-Made-Bitcoin-Price-Fall-Under-10000-Threshold
2018-01-31 13:01:39,6,9,2,1,0,0,0,0,0,0,0,0,0,0,0,Bitcoin.com,South Korea Finds Nearly $600 Million in Crypto Crime,bitcoin.com,944404,https://cryptopanic.com/news/944404/South-Korea-Finds-Nearly-600-Million-in-Crypto-Crime
2018-01-31 11:50:19.885471,4,7,0,1,0,0,0,0,0,0,0,0,0,0,0,r/BitcoinMarkets Reddit,We now accept lightning payments (on testnet)!,r/BitcoinMarkets,943830,https://cryptopanic.com/news/943830/We-now-accept-lightning-payments-on-testnet
2018-01-31 11:22:46,4,8,0,1,0,0,1,0,0,0,0,0,0,0,0,Trustnodes,Decentralized eBay OpenBazaar Adds Bitcoin Cash and Zcash Payments,trustnodes.com,943677,https://cryptopanic.com/news/943677/Decentralized-eBay-OpenBazaar-Adds-Bitcoin-Cash-and-Zcash-Payments
2018-01-31 11:08:43,46,85,0,1,0,0,0,0,0,0,0,0,0,0,0,Coindoo,"South Korea Will Not Ban the Cryptocurrency Trading, argued The Finance Minister",coindoo.com,943609,https://cryptopanic.com/news/943609/South-Korea-Will-Not-Ban-the-Cryptocurrency-Trading-argued-The-Finance-Minister
2018-01-31 10:26:59,15,30,0,1,0,0,0,0,0,0,0,0,0,0,0,Coinspeaker,CoinMarketCap Brings South Korean Exchanges Back Into Its Price Index,coinspeaker.com,943498,https://cryptopanic.com/news/943498/CoinMarketCap-Brings-South-Korean-Exchanges-Back-Into-Its-Price-Index
2018-01-31 10:00:01,7,6,5,1,0,0,0,0,0,0,0,0,0,0,0,NewsBTC,South Korean Officials Discover $600m Worth of Cryptocurrency Crimes,newsbtc.com,943219,https://cryptopanic.com/news/943219/South-Korean-Officials-Discover-600m-Worth-of-Cryptocurrency-Crimes
2018-01-31 09:49:47,5,9,1,1,1,0,0,0,0,0,0,0,0,0,0,Coindoo,"“The U.S. Will be Our Focus”, said the Huobi’s Chief Strategy Officer",coindoo.com,943104,https://cryptopanic.com/news/943104/The-US-Will-be-Our-Focus-said-the-Huobis-Chief-Strategy-Officer
2018-01-31 08:58:29,7,7,0,1,1,0,0,0,0,0,0,0,0,0,0,Bitcoin.com,Venezuela Announces Whitepaper and Pre-Sale of Its Oil-Backed Cryptocurrency Petro,bitcoin.com,942837,https://cryptopanic.com/news/942837/Venezuela-Announces-Whitepaper-and-Pre-Sale-of-Its-Oil-Backed-Cryptocurrency-Petro
2018-01-31 08:26:05,3,13,0,1,1,0,0,0,0,0,0,0,0,0,0,Quartz,Goldman Sachs inadvertently bought a stake in a bitcoin trading desk,qz.com,942709,https://cryptopanic.com/news/942709/Goldman-Sachs-inadvertently-bought-a-stake-in-a-bitcoin-trading-desk
2018-01-31 07:44:29,4,7,2,1,0,0,0,0,0,0,0,0,0,0,0,AMBCrypto,Tether and Bitfinex subpoena causes Bitcoin and other altcoins to tumble,ambcrypto.com,942787,https://cryptopanic.com/news/942787/Tether-and-Bitfinex-subpoena-causes-Bitcoin-and-other-altcoins-to-tumble
2018-01-31 07:00:26,5,11,0,1,0,0,0,0,0,0,0,0,0,0,0,Bitcoin.com,Sberbank to Bypass Russian Regulations and Trade Cryptocurrencies Overseas,bitcoin.com,942215,https://cryptopanic.com/news/942215/Sberbank-to-Bypass-Russian-Regulations-and-Trade-Cryptocurrencies-Overseas
2018-01-31 06:21:56,3,6,0,1,0,0,0,0,0,0,0,0,0,0,0,Cointia,UK’s The Royal Mint Now Allows Anyone to Invest in Gold through its Own Token,cointia.com,941983,https://cryptopanic.com/news/941983/UKs-The-Royal-Mint-Now-Allows-Anyone-to-Invest-in-Gold-through-its-Own-Token
2018-01-31 05:59:15,10,18,0,1,0,0,0,0,0,0,0,0,0,0,0,Cointia,"Samsung to Enter Bitcoin Mining Industry, Set to Mass Produce ASIC Miners this January",cointia.com,941866,https://cryptopanic.com/news/941866/Samsung-to-Enter-Bitcoin-Mining-Industry-Set-to-Mass-Produce-ASIC-Miners-this-January
2018-01-31 04:08:50,0,0,6,1,0,0,1,0,0,0,0,0,0,0,0,NewsBTC,Bitcoin Cash Price Technical Analysis – BCH/USD Crashes Below $1500,newsbtc.com,941247,https://cryptopanic.com/news/941247/Bitcoin-Cash-Price-Technical-Analysis-BCHUSD-Crashes-Below-1500
2018-01-31 03:48:45,17,22,0,1,0,0,0,0,0,0,0,0,0,0,0,Quartz,Japan’s biggest chat app is launching a cryptocurrency exchange,qz.com,941093,https://cryptopanic.com/news/941093/Japans-biggest-chat-app-is-launching-a-cryptocurrency-exchange
2018-01-31 02:54:56,2,8,0,1,0,0,0,0,0,0,0,0,0,0,0,AMBCrypto,Is Bitcoin becoming safer? – a survey,ambcrypto.com,940792,https://cryptopanic.com/news/940792/Is-Bitcoin-becoming-safer-a-survey
2018-01-31 02:30:46,7,18,0,1,0,0,0,0,0,0,0,0,0,0,0,Bitcoin.com,Chinese Investors Continue to Obtain Bitcoin Using Thriving OTC Platforms,bitcoin.com,940542,https://cryptopanic.com/news/940542/Chinese-Investors-Continue-to-Obtain-Bitcoin-Using-Thriving-OTC-Platforms
2018-01-31 00:45:33,3,7,4,1,0,0,0,0,0,0,0,0,0,0,0,CoinTelegraph,Is Bitcoin’s Reign as King of Cryptocurrency in Danger?,cointelegraph.com,939779,https://cryptopanic.com/news/939779/Is-Bitcoins-Reign-as-King-of-Cryptocurrency-in-Danger
2018-01-30 23:30:11,5,0,6,1,0,0,0,0,0,0,0,0,0,0,0,BTC Manager,Bitfinex and Tether Receive U.S. Subpoenas (How is a USDT made?),btcmanager.com,939773,https://cryptopanic.com/news/939773/Bitfinex-and-Tether-Receive-US-Subpoenas-How-is-a-USDT-made
2018-01-30 23:00:48,5,5,0,1,0,0,0,0,0,0,0,0,0,0,0,Bitcoinist,Here’s What The South Korean Regulations Mean For The Cryptocurrency Market,bitcoinist.com,939076,https://cryptopanic.com/news/939076/Heres-What-The-South-Korean-Regulations-Mean-For-The-Cryptocurrency-Market
2018-01-30 22:20:21.433258,2,7,0,1,0,0,0,0,0,0,0,0,0,0,0,r/Bitcoin Reddit,"There may actually be negative fees to use Lightning sometimes, if your transaction helps others avoid hitting the blockchain to rebalance channels. ;)",r/Bitcoin,938489,https://cryptopanic.com/news/938489/There-may-actually-be-negative-fees-to-use-Lightning-sometimes-if-your-transaction-helps-others-avoid-hitting-the-blockchain-to-rebalance-channels
2018-01-30 22:20:21.256955,7,20,7,1,0,0,0,0,0,0,0,0,0,0,0,r/Bitcoin Reddit,"Facebook bans all advertising related to Bitcoin, ICOs and other cryptos.",r/Bitcoin,938488,https://cryptopanic.com/news/938488/Facebook-bans-all-advertising-related-to-Bitcoin-ICOs-and-other-cryptos
2018-01-30 21:30:45,0,4,1,1,0,0,1,0,0,0,0,0,0,0,0,Live Bitcoin News,New OpenBazaar Version Officially Supports Bitcoin Cash and ZCash,livebitcoinnews.com,938128,https://cryptopanic.com/news/938128/New-OpenBazaar-Version-Officially-Supports-Bitcoin-Cash-and-ZCash
2018-01-30 21:00:50,4,2,5,1,0,0,0,0,0,0,0,0,0,0,0,NewsBTC,Ransomware Creators Having Funds Stolen; Victims Locked Out,newsbtc.com,937955,https://cryptopanic.com/news/937955/Ransomware-Creators-Having-Funds-Stolen-Victims-Locked-Out
2018-01-30 21:00:47.471177,4,1,1,1,0,0,1,0,0,0,0,0,0,0,0,r/btc Reddit,"Bitcoin Tumbles Towards $10k After Bitfinex, Tether Subpoena'd",r/btc,937820,https://cryptopanic.com/news/937820/Bitcoin-Tumbles-Towards-10k-After-Bitfinex-Tether-Subpoenad
2018-01-30 20:29:51,15,15,20,1,0,0,0,0,0,0,0,0,0,0,0,CoinTelegraph,"Facebook Bans Cryptocurrency, ICO Ads Because Of ‘Deceptive Promotional Practices’",cointelegraph.com,937644,https://cryptopanic.com/news/937644/Facebook-Bans-Cryptocurrency-ICO-Ads-Because-Of-Deceptive-Promotional-Practices
2018-01-30 19:52:13,5,30,2,1,0,0,0,0,0,0,0,0,0,0,0,CryptoPost,Bitcoin At The Massive Psychological Support,cryptopost.com,937214,https://cryptopanic.com/news/937214/Bitcoin-At-The-Massive-Psychological-Support
2018-01-30 19:50:55,9,1,15,1,0,0,0,0,0,0,0,1,0,0,0,Bitcoin.com,U.S. Regulators Send Tether and Bitfinex Subpoenas,bitcoin.com,937212,https://cryptopanic.com/news/937212/US-Regulators-Send-Tether-and-Bitfinex-Subpoenas
2018-01-30 19:30:42,3,5,0,1,0,1,0,0,0,0,0,0,0,0,0,Bitcoin.com,Nassim Nicholas Taleb vs David Birch on The Bitcoin Standard,bitcoin.com,937019,https://cryptopanic.com/news/937019/Nassim-Nicholas-Taleb-vs-David-Birch-on-The-Bitcoin-Standard
2018-01-30 19:10:21.732520,3,4,2,1,0,0,1,0,0,0,0,0,0,0,0,r/btc Reddit,Bitcoin Cash support on OpenBazaar now live,r/btc,936727,https://cryptopanic.com/news/936727/Bitcoin-Cash-support-on-OpenBazaar-now-live
2018-01-30 19:00:05,33,9,50,1,0,0,0,0,0,0,0,0,0,0,0,Trustnodes,Bitfinex and Tether Subpoenaed by US Regulators,trustnodes.com,936674,https://cryptopanic.com/news/936674/Bitfinex-and-Tether-Subpoenaed-by-US-Regulators
2018-01-30 18:58:39,0,0,7,1,0,0,0,0,0,0,0,0,0,0,0,CryptoNinjas,Romania’s BTCxChange will discontinue exchange to bank transfers,cryptoninjas.net,936672,https://cryptopanic.com/news/936672/Romanias-BTCxChange-will-discontinue-exchange-to-bank-transfers
2018-01-30 18:50:07.781553,3,8,0,1,0,0,1,0,0,0,0,0,0,0,0,Bitcoin Cash Reddit,"NY restaurant accepts Bitcoin Cash and other cryptos, but rejects Visa and Mastercard",r/Bitcoincash,936471,https://cryptopanic.com/news/936471/NY-restaurant-accepts-Bitcoin-Cash-and-other-cryptos-but-rejects-Visa-and-Mastercard
2018-01-30 18:20:20.197609,77,15,102,1,0,0,0,0,0,0,0,0,0,0,0,r/BitcoinMarkets Reddit,"U.S. Regulators to Subpoena Crypto Exchange Bitfinex, Tether",r/BitcoinMarkets,936104,https://cryptopanic.com/news/936104/US-Regulators-to-Subpoena-Crypto-Exchange-Bitfinex-Tether
2018-01-30 18:10:16,0,0,6,1,0,0,0,0,0,0,0,0,0,0,0,NewsBTC,Bitcoin Price Watch; Trading The Downside Action,newsbtc.com,935992,https://cryptopanic.com/news/935992/Bitcoin-Price-Watch-Trading-The-Downside-Action
2018-01-30 17:58:00,0,1,10,1,0,0,0,0,0,0,0,0,0,0,0,Coin Idol,The Crime Scene: Over Half of Bitcoin Transactions are Used for Illegal Purposes,coinidol.com,935764,https://cryptopanic.com/news/935764/The-Crime-Scene-Over-Half-of-Bitcoin-Transactions-are-Used-for-Illegal-Purposes
2018-01-30 17:50:21.830670,4,1,0,1,0,0,1,1,0,0,0,0,0,0,0,r/btc Reddit,"Charlie Lee says BCH is a scam. This is the same guy who sold LTC at all time highs, has ""Satoshi"" on his Twitter handle, and cloned BTC himself to make LTC (""coin"" in the name)",r/btc,935679,https://cryptopanic.com/news/935679/Charlie-Lee-says-BCH-is-a-scam-This-is-the-same-guy-who-sold-LTC-at-all-time-highs-has-Satoshi-on-his-Twitter-handle-and-cloned-BTC-himself-to-make-LTC-coin-in-the-name
2018-01-30 17:43:19,0,2,7,1,0,0,0,0,0,0,0,0,0,0,0,CryptoPost,BitcoinCash VS Bitcoin Is Now Ready,cryptopost.com,935626,https://cryptopanic.com/news/935626/BitcoinCash-VS-Bitcoin-Is-Now-Ready
2018-01-30 16:44:58,3,18,0,1,0,0,0,0,0,0,0,0,0,0,0,Use The Bitcoin,South Korean Shopping Mall Accepts Payments in Cryptocurrencies,usethebitcoin.com,935058,https://cryptopanic.com/news/935058/South-Korean-Shopping-Mall-Accepts-Payments-in-Cryptocurrencies
2018-01-30 15:30:12,3,7,6,1,0,0,0,0,0,0,0,0,0,0,0,Bitcoin.com,Europol and Interpol to Increase Measures Against BTC Laundering,bitcoin.com,934331,https://cryptopanic.com/news/934331/Europol-and-Interpol-to-Increase-Measures-Against-BTC-Laundering
2018-01-30 15:27:52,8,10,0,1,0,0,0,0,0,0,0,0,0,0,0,Use The Bitcoin,Samsung Starts Producing ASIC Cryptocurrency Mining Hardware,usethebitcoin.com,934336,https://cryptopanic.com/news/934336/Samsung-Starts-Producing-ASIC-Cryptocurrency-Mining-Hardware
2018-01-30 14:27:28,11,14,0,1,0,0,0,0,0,0,0,0,0,0,0,Trustnodes,Samsung Moves Into Bitcoin Mining With Mass ASICs Production,trustnodes.com,933686,https://cryptopanic.com/news/933686/Samsung-Moves-Into-Bitcoin-Mining-With-Mass-ASICs-Production
2018-01-30 13:30:35.088186,5,17,0,1,0,0,0,0,0,0,0,0,0,0,0,r/Bitcoin Reddit,Samsung finished development phase of ASICs/mining chips and entered production phase in Jan 2018.,r/Bitcoin,932982,https://cryptopanic.com/news/932982/Samsung-finished-development-phase-of-ASICsmining-chips-and-entered-production-phase-in-Jan-2018
2018-01-30 12:58:24,2,5,0,1,1,0,0,0,0,0,0,0,0,0,0,CoinJournal,MyBit Partners With Alpine to Bring Sustainable Cryptocurrency Mining to Investors,coinjournal.net,932747,https://cryptopanic.com/news/932747/MyBit-Partners-With-Alpine-to-Bring-Sustainable-Cryptocurrency-Mining-to-Investors
2018-01-30 12:50:21,3,18,1,1,1,0,0,0,0,0,0,0,0,0,0,Profit Confidential,Ethereum Price Forecast: 1st Institutional Launches Fund for ETH,profitconfidential.com,932698,https://cryptopanic.com/news/932698/Ethereum-Price-Forecast-1st-Institutional-Launches-Fund-for-ETH
2018-01-30 12:24:57,5,8,0,1,0,0,0,0,0,0,0,0,0,0,0,NewsBTC,"Samsung, South Korea’s Largest Firm, is Manufacturing ASIC Chips For Bitcoin Mining",newsbtc.com,932450,https://cryptopanic.com/news/932450/Samsung-South-Koreas-Largest-Firm-is-Manufacturing-ASIC-Chips-For-Bitcoin-Mining
2018-01-30 11:30:10,17,34,9,1,0,0,0,0,0,0,0,0,0,0,0,Bitcoin.com,South Korea Ends Anonymous Cryptocurrency Trading Today,bitcoin.com,932095,https://cryptopanic.com/news/932095/South-Korea-Ends-Anonymous-Cryptocurrency-Trading-Today
2018-01-30 04:51:30,6,13,0,1,0,0,0,0,0,0,0,0,0,0,0,NewsBTC,Over a Million Millennials Flock to Robinhood for Crypto,newsbtc.com,929751,https://cryptopanic.com/news/929751/Over-a-Million-Millennials-Flock-to-Robinhood-for-Crypto
2018-01-30 03:12:00,12,17,2,1,0,0,0,0,0,0,0,0,0,0,0,AMBCrypto,Bitcoin goes back to trading under $11K as analysts say bearish sentiment ends here,ambcrypto.com,929212,https://cryptopanic.com/news/929212/Bitcoin-goes-back-to-trading-under-11K-as-analysts-say-bearish-sentiment-ends-here
2018-01-30 02:26:26,14,24,1,1,1,0,0,0,0,0,0,0,0,0,0,AMBCrypto,South Korean E-Commerce platform to accept  12 cryptocurrencies including Bitcoin and Ethereum,ambcrypto.com,928893,https://cryptopanic.com/news/928893/South-Korean-E-Commerce-platform-to-accept-12-cryptocurrencies-including-Bitcoin-and-Ethereum
2018-01-30 02:00:42,12,18,43,1,0,0,1,0,0,0,0,0,0,0,0,NewsBTC,NIST: Bitcoin Cash is the Original Bitcoin Chain,newsbtc.com,928761,https://cryptopanic.com/news/928761/NIST-Bitcoin-Cash-is-the-Original-Bitcoin-Chain
2018-01-29 22:28:21,4,12,0,1,0,0,0,0,0,0,0,0,0,0,0,ZyCrypto,South Korean Mall Accepts Cryptocurrencies Thanks to Bithumb,zycrypto.com,927288,https://cryptopanic.com/news/927288/South-Korean-Mall-Accepts-Cryptocurrencies-Thanks-to-Bithumb
2018-01-29 22:01:01,7,17,0,1,1,1,1,1,0,1,0,0,1,1,0,CoinJournal,Major South Korean E-Commerce Firm’s Integration of Cryptocurrencies Will Fuel Adoption,coinjournal.net,927105,https://cryptopanic.com/news/927105/Major-South-Korean-E-Commerce-Firms-Integration-of-Cryptocurrencies-Will-Fuel-Adoption
2018-01-29 21:00:59,6,3,0,1,0,0,0,0,0,0,0,0,0,0,0,NewsBTC,"Canadian Government More Concerned With Underground Economy, Not Tax",newsbtc.com,926652,https://cryptopanic.com/news/926652/Canadian-Government-More-Concerned-With-Underground-Economy-Not-Tax
2018-01-29 20:31:00,5,4,1,1,0,0,0,0,0,0,0,0,0,0,0,Bitcoin.com,The 2018 Satoshi’s Vision Conference Heads to Japan,bitcoin.com,926399,https://cryptopanic.com/news/926399/The-2018-Satoshis-Vision-Conference-Heads-to-Japan
2018-01-29 19:59:46,6,8,0,1,0,0,0,0,0,0,0,0,0,0,0,ForkLog,Russian Brokerage Firm Launches CBOE Bitcoin Futures Trading,forklog.net,926151,https://cryptopanic.com/news/926151/Russian-Brokerage-Firm-Launches-CBOE-Bitcoin-Futures-Trading
2018-01-29 19:55:45,0,8,0,1,0,0,0,0,0,0,0,0,0,0,0,CryptoPost,Stratis VS Bitcoin Showing Clear Uptrend,cryptopost.com,926150,https://cryptopanic.com/news/926150/Stratis-VS-Bitcoin-Showing-Clear-Uptrend
2018-01-29 17:09:37,15,24,0,1,1,0,0,0,0,0,0,0,0,0,0,AMBCrypto,Now rent a home using Bitcoin and Ethereum – BeeNest plans to be a Airbnb on blockchain,ambcrypto.com,924550,https://cryptopanic.com/news/924550/Now-rent-a-home-using-Bitcoin-and-Ethereum-BeeNest-plans-to-be-a-Airbnb-on-blockchain
2018-01-29 16:43:23,19,44,1,1,1,0,0,0,0,0,0,0,0,0,0,ZyCrypto,Ethereum Might Become the Next Crypto King as Analysts Predicts ETH price to surpass BTC PRICE,zycrypto.com,924292,https://cryptopanic.com/news/924292/Ethereum-Might-Become-the-Next-Crypto-King-as-Analysts-Predicts-ETH-price-to-surpass-BTC-PRICE
2018-01-29 16:41:13,3,0,5,1,0,0,0,0,0,0,0,0,0,0,0,Coindoo,Tether: $31 Million Hack and Split With Auditors,coindoo.com,924341,https://cryptopanic.com/news/924341/Tether-31-Million-Hack-and-Split-With-Auditors
2018-01-29 16:37:33,5,10,0,1,1,1,1,0,0,0,0,0,0,0,0,Profit Confidential,"Ethereum Price Forecast: ETH Outperforming Bitcoin, Bitcoin Cash & XRP",profitconfidential.com,924291,https://cryptopanic.com/news/924291/Ethereum-Price-Forecast-ETH-Outperforming-Bitcoin-Bitcoin-Cash-XRP
2018-01-29 16:30:30,1,12,0,1,0,0,0,0,0,0,0,0,0,0,0,Trustnodes,Japan’s Biggest Electronics Retailer Starts Accepting Bitcoin Payments,trustnodes.com,924215,https://cryptopanic.com/news/924215/Japans-Biggest-Electronics-Retailer-Starts-Accepting-Bitcoin-Payments
2018-01-29 16:20:19.613086,3,2,6,1,0,0,1,0,0,0,0,0,0,0,0,r/btc Reddit,"/r/bitcoin is censoring the NIST report that says ""Bitcoin Cash is the original blockchain"" and Bitcoin Core is not. If you have to censor to get people to believe you, then you have lost.",r/btc,923924,https://cryptopanic.com/news/923924/rbitcoin-is-censoring-the-NIST-report-that-says-Bitcoin-Cash-is-the-original-blockchain-and-Bitcoin-Core-is-not-If-you-have-to-censor-to-get-people-to-believe-you-then-you-have-lost
2018-01-29 15:51:45,3,11,1,1,0,0,0,0,0,0,0,0,0,0,0,CoinTelegraph,Deutsche Bank: ‘Required Governance’ For Crypto ‘Could’ Arrive By 2023,cointelegraph.com,923640,https://cryptopanic.com/news/923640/Deutsche-Bank-Required-Governance-For-Crypto-Could-Arrive-By-2023
2018-01-29 15:50:54,3,5,0,1,0,0,1,0,0,0,0,0,0,0,0,CryptoNinjas,nChain takes stake in South Africa-based Bitcoin Cash wallet Centbee,cryptoninjas.net,923643,https://cryptopanic.com/news/923643/nChain-takes-stake-in-South-Africa-based-Bitcoin-Cash-wallet-Centbee
2018-01-29 15:30:33,2,4,4,1,0,0,1,0,0,0,0,0,0,0,0,Live Bitcoin News,New Zealand’s Bitprime Exchange Enables Bitcoin Cash Support,livebitcoinnews.com,923502,https://cryptopanic.com/news/923502/New-Zealands-Bitprime-Exchange-Enables-Bitcoin-Cash-Support
2018-01-29 15:15:55,3,6,0,1,0,0,0,0,0,0,0,0,0,0,0,Bitcoinist,Canada: ‘No Tax Changes’ For Bitcoin As Govt. Unveils Blockchain ID Scheme,bitcoinist.com,923498,https://cryptopanic.com/news/923498/Canada-No-Tax-Changes-For-Bitcoin-As-Govt-Unveils-Blockchain-ID-Scheme
2018-01-29 14:57:29,1,6,0,1,0,0,0,0,0,0,0,0,0,0,0,Use The Bitcoin,Japanese Store Yamada Denki To Accept Bitcoin Payments,usethebitcoin.com,923227,https://cryptopanic.com/news/923227/Japanese-Store-Yamada-Denki-To-Accept-Bitcoin-Payments
2018-01-29 14:20:24.563832,12,1,0,1,0,0,0,0,0,0,0,0,0,0,0,r/BitcoinMarkets Reddit,Misunderstanding of Korea developments,r/BitcoinMarkets,922891,https://cryptopanic.com/news/922891/Misunderstanding-of-Korea-developments
2018-01-29 14:00:25,0,5,0,1,0,0,0,0,0,0,0,0,0,0,0,Live Bitcoin News,Robert Shiller Predicts an Interesting Future for Bitcoin,livebitcoinnews.com,922774,https://cryptopanic.com/news/922774/Robert-Shiller-Predicts-an-Interesting-Future-for-Bitcoin
2018-01-29 13:52:27,11,19,47,1,0,0,1,0,0,0,0,0,0,0,0,Trustnodes,Bitcoin Cash is the Real Bitcoin Says A US Government Department,trustnodes.com,922683,https://cryptopanic.com/news/922683/Bitcoin-Cash-is-the-Real-Bitcoin-Says-A-US-Government-Department
2018-01-29 13:50:14.271055,6,18,0,1,0,0,0,1,0,0,0,0,0,0,0,Litecoin Reddit,"""Absolutely huge. One of South Korea's largest e-commerce platform is integrating bitcoin and other cryptocurrencies with Bithumb. This will fuel cryptocurrency adoption in South Korea without a doubt.""",r/litecoin,922654,https://cryptopanic.com/news/922654/Absolutely-huge-One-of-South-Koreas-largest-e-commerce-platform-is-integrating-bitcoin-and-other-cryptocurrencies-with-Bithumb-This-will-fuel-cryptocurrency-adoption-in-South-Korea-without-a-doubt
2018-01-29 13:50:13.930265,1,10,0,1,0,0,0,1,0,0,0,0,0,0,0,Litecoin Reddit,First Irish Law firm to accept Bitcoin will also be accepting Litecoin.,r/litecoin,922652,https://cryptopanic.com/news/922652/First-Irish-Law-firm-to-accept-Bitcoin-will-also-be-accepting-Litecoin
2018-01-29 13:22:16,9,1,0,1,0,0,0,0,0,0,0,0,0,1,0,Coindoo,Illegal Youtube Ads Mine Cryptocurrency Using Viewers’ Computers,coindoo.com,922483,https://cryptopanic.com/news/922483/Illegal-Youtube-Ads-Mine-Cryptocurrency-Using-Viewers-Computers
2018-01-29 13:08:28,2,6,0,1,0,0,0,0,0,0,0,0,0,0,0,CoinTelegraph,Can Bitcoin Claw its Way Back to Being a Payment System?,cointelegraph.com,922402,https://cryptopanic.com/news/922402/Can-Bitcoin-Claw-its-Way-Back-to-Being-a-Payment-System
2018-01-29 12:33:40,5,10,0,1,0,0,0,0,0,0,0,0,0,0,0,AMBCrypto,South Korea encourages cryptocurrency firms to “Self-Regulate”,ambcrypto.com,922159,https://cryptopanic.com/news/922159/South-Korea-encourages-cryptocurrency-firms-to-Self-Regulate
2018-01-29 11:10:29,15,42,1,1,1,0,0,0,0,0,0,0,0,0,0,Trustnodes,"South Korean Online Shopping Giants Announce Plans to Accept Bitcoin, Ethereum, Others",trustnodes.com,921566,https://cryptopanic.com/news/921566/South-Korean-Online-Shopping-Giants-Announce-Plans-to-Accept-Bitcoin-Ethereum-Others
2018-01-29 10:19:33,6,0,6,1,1,0,0,0,0,0,0,0,0,0,0,Coindoo,"Experty ICO Hacked- More Than $150,000 Stolen",coindoo.com,921252,https://cryptopanic.com/news/921252/Experty-ICO-Hacked-More-Than-150000-Stolen
2018-01-29 09:09:16,35,56,0,1,0,0,0,0,0,0,0,0,0,0,0,Coindoo,"Switzerland Wants to Be a “Crypto-Nation”, said The Minister of Economy",coindoo.com,920833,https://cryptopanic.com/news/920833/Switzerland-Wants-to-Be-a-Crypto-Nation-said-The-Minister-of-Economy
2018-01-29 07:45:19,7,17,0,1,0,0,0,0,0,0,0,0,0,0,0,Cointia,"Bitcoin Won’t End up with Lehman Brothers-like Collapse, Says Singapore Finance Chief",cointia.com,920353,https://cryptopanic.com/news/920353/Bitcoin-Wont-End-up-with-Lehman-Brothers-like-Collapse-Says-Singapore-Finance-Chief
2018-01-29 03:40:19.885146,0,6,0,1,0,0,1,0,0,0,0,0,0,0,0,r/btc Reddit,Bitcoin Cash has been rising faster than Bitcoin,r/btc,919204,https://cryptopanic.com/news/919204/Bitcoin-Cash-has-been-rising-faster-than-Bitcoin
2018-01-29 01:30:00,2,4,0,1,0,0,0,0,0,0,0,0,0,0,0,Bitcoin.com,Russia’s Longest-Serving Finance Minister Backs Crypto “Self-Regulation”,bitcoin.com,918496,https://cryptopanic.com/news/918496/Russias-Longest-Serving-Finance-Minister-Backs-Crypto-Self-Regulation
2018-01-29 00:55:55.178398,1,1,12,1,0,0,1,0,0,0,0,0,0,0,0,r/btc Reddit,"National Institute of Standards and Technology confirm: ""Bitcoin Core (BTC) is a fork and Bitcoin Cash (BCH) is the real Bitcoin"" p.43 para 8.1.2",r/btc,918249,https://cryptopanic.com/news/918249/National-Institute-of-Standards-and-Technology-confirm-Bitcoin-Core-BTC-is-a-fork-and-Bitcoin-Cash-BCH-is-the-real-Bitcoin-p43-para-812
2018-01-28 22:34:40,10,3,6,1,0,0,0,0,0,0,0,0,0,0,0,Bitcoin.com,Report Finds Correlation Between USDT Issuances and BTC Price Moves,bitcoin.com,917467,https://cryptopanic.com/news/917467/Report-Finds-Correlation-Between-USDT-Issuances-and-BTC-Price-Moves
2018-01-28 22:30:57.474824,4,8,1,1,0,0,0,0,0,0,0,0,0,0,0,r/Bitcoin Reddit,He's not wrong.,r/Bitcoin,917434,https://cryptopanic.com/news/917434/Hes-not-wrong
2018-01-28 22:20:24.600921,4,6,0,1,0,0,0,0,0,0,0,0,0,0,0,RaiBlocks Reddit,RaiBlocks Was Everything Bitcoin Was Meant to Be & More,r/RaiBlocks,917382,https://cryptopanic.com/news/917382/RaiBlocks-Was-Everything-Bitcoin-Was-Meant-to-Be-More
2018-01-28 21:00:51,4,1,4,1,0,0,0,0,0,0,0,0,0,0,0,Bitcoin.com,"Lightning and Mainnet: A Look at the Protocol’s Hype, Trials, and Error",bitcoin.com,916949,https://cryptopanic.com/news/916949/Lightning-and-Mainnet-A-Look-at-the-Protocols-Hype-Trials-and-Error
2018-01-28 19:51:45,2,14,0,1,1,0,0,0,0,0,0,0,0,0,0,Trustnodes,Bull Market? Tablechat,trustnodes.com,916504,https://cryptopanic.com/news/916504/Bull-Market-Tablechat
2018-01-28 19:05:18.371798,10,41,8,1,1,1,0,0,0,0,0,0,0,0,0,Reddit - cryptocurrency,Cryptocurrency Agencies Says Ethereum Is Better Than Bitcoin And Ripple,r/CryptoCurrency,916212,https://cryptopanic.com/news/916212/Cryptocurrency-Agencies-Says-Ethereum-Is-Better-Than-Bitcoin-And-Ripple
2018-01-28 16:00:57,29,57,0,1,0,0,0,0,0,0,0,0,0,0,0,Bitcoin.com,Bitcoin Futures Report Shows Bullish Sentiment Is In the Air,bitcoin.com,915098,https://cryptopanic.com/news/915098/Bitcoin-Futures-Report-Shows-Bullish-Sentiment-Is-In-the-Air
2018-01-28 14:17:34,18,32,0,1,0,0,0,0,0,0,0,0,0,0,0,AMBCrypto,Japan’s Yamada Denki stores to accept payments in Bitcoins,ambcrypto.com,914515,https://cryptopanic.com/news/914515/Japans-Yamada-Denki-stores-to-accept-payments-in-Bitcoins
2018-01-28 12:36:38.129582,44,77,0,1,0,0,0,0,0,0,0,0,0,0,0,r/BitcoinMarkets Reddit,Koreans Can Finally Make New Accounts and Deposit New Funds Into Exchanges Beginning Tomorrow!,r/BitcoinMarkets,913918,https://cryptopanic.com/news/913918/Koreans-Can-Finally-Make-New-Accounts-and-Deposit-New-Funds-Into-Exchanges-Beginning-Tomorrow
2018-01-31 18:32:34.000000,4,0,0,1,0,0,0,0,0,0,0,0,0,0,0,ZyCrypto,What you need to know About the U.S Cryptocurrency Tax,zycrypto.com,947445,https://cryptopanic.com/news/947445/What-you-need-to-know-About-the-US-Cryptocurrency-Tax
2018-01-31 14:00:00.000000,3,1,0,1,0,0,0,0,0,0,0,0,0,0,0,NewsBTC,Coincheck Hack Highlights the Need for Proper Decentralized Exchanges,newsbtc.com,944844,https://cryptopanic.com/news/944844/Coincheck-Hack-Highlights-the-Need-for-Proper-Decentralized-Exchanges
2018-01-31 12:00:58.000000,0,4,0,1,0,1,0,0,0,0,0,0,1,1,0,BTC Manager,"Likely Additions to Coinbase in 2018 (Ripple, Monero, and DASH)",btcmanager.com,944312,https://cryptopanic.com/news/944312/Likely-Additions-to-Coinbase-in-2018-Ripple-Monero-and-DASH
2018-01-31 07:30:58.000000,0,0,3,1,0,0,0,0,0,0,0,0,0,0,0,Jon Matonis,"RT @khannib: Of the 16.48M BTC that existed on the BCH fork date, 9.24M (56%) have moved since on either side of the fork. The rest is stil…",@jonmatonis,942324,https://cryptopanic.com/news/942324/RT-khannib-Of-the-1648M-BTC-that-existed-on-the-BCH-fork-date-924M-56-have-moved-since-on-either-side-of-the-fork-The-rest-is-stil
2018-01-31 07:01:05.478555,0,3,0,1,0,0,0,0,0,0,0,0,0,0,0,r/BitcoinMarkets Reddit,Will BTC and the crypto market ever recover??,r/BitcoinMarkets,942159,https://cryptopanic.com/news/942159/Will-BTC-and-the-crypto-market-ever-recover
2018-01-30 21:00:47.546646,2,2,2,1,0,0,1,0,0,0,0,0,0,0,0,r/btc Reddit,BTC.com enables Bitcoin Cash purchases directly in wallet,r/btc,937821,https://cryptopanic.com/news/937821/BTCcom-enables-Bitcoin-Cash-purchases-directly-in-wallet
2018-01-30 21:00:09.000000,1,4,0,1,0,0,0,0,0,0,0,0,0,0,0,BTC Manager,Bitcoin Now Accepted at Leading Japanese Electronics Chain,btcmanager.com,938314,https://cryptopanic.com/news/938314/Bitcoin-Now-Accepted-at-Leading-Japanese-Electronics-Chain
2018-01-30 19:26:03.000000,1,0,4,1,0,0,0,0,0,0,0,0,0,0,0,CoinDesk,Facebook Is Banning Ads for Bitcoin and ICOs,coindesk.com,937919,https://cryptopanic.com/news/937919/Facebook-Is-Banning-Ads-for-Bitcoin-and-ICOs
2018-01-30 18:58:39.000000,0,0,7,1,0,0,0,0,0,0,0,0,0,0,0,CryptoNinjas,Romania’s BTCxChange to discontinue exchange to bank transfers,cryptoninjas.net,936672,https://cryptopanic.com/news/936672/Romanias-BTCxChange-to-discontinue-exchange-to-bank-transfers
2018-01-30 18:30:53.856733,0,2,1,1,0,0,1,0,0,0,0,0,0,0,0,r/btc Reddit,Can you imagine what BTC would have been today had all the effort which went into the LN was put in improving the base layer?,r/btc,936233,https://cryptopanic.com/news/936233/Can-you-imagine-what-BTC-would-have-been-today-had-all-the-effort-which-went-into-the-LN-was-put-in-improving-the-base-layer
2018-01-30 17:18:12.000000,1,3,0,1,0,0,0,1,0,0,0,0,0,0,0,CoinTelegraph,"Samsung Enters Crypto Mining Market, “Mass Producing” ASIC Chips For China",cointelegraph.com,935475,https://cryptopanic.com/news/935475/Samsung-Enters-Crypto-Mining-Market-Mass-Producing-ASIC-Chips-For-China
2018-01-30 16:50:07.100795,2,2,1,1,0,0,1,0,0,0,0,0,0,0,0,Bitcoin Cash Reddit,The developers of Bitcoin Cash want to increase the block size to 32 MB,r/Bitcoincash,935106,https://cryptopanic.com/news/935106/The-developers-of-Bitcoin-Cash-want-to-increase-the-block-size-to-32-MB
2018-01-30 15:50:20.000875,1,2,2,1,0,0,1,0,0,0,0,0,0,0,0,r/btc Reddit,"TokenStars has dropped BTC as a payment, and added BCH!",r/btc,934495,https://cryptopanic.com/news/934495/TokenStars-has-dropped-BTC-as-a-payment-and-added-BCH
2018-01-30 12:27:05.000000,2,4,0,1,0,0,0,0,0,0,0,0,0,0,0,Live Bitcoin News,Bitcoin Exchange BTCC Gets Acquired by Hong Kong Blockchain Fund,livebitcoinnews.com,932603,https://cryptopanic.com/news/932603/Bitcoin-Exchange-BTCC-Gets-Acquired-by-Hong-Kong-Blockchain-Fund
2018-01-30 11:23:00.000000,1,0,3,1,0,0,0,0,0,0,0,0,0,0,0,Coin Idol,South Korea Cracks Down on Cryptocurrencies,coinidol.com,932042,https://cryptopanic.com/news/932042/South-Korea-Cracks-Down-on-Cryptocurrencies
2018-01-30 09:00:16.000000,2,3,0,1,0,0,0,0,0,0,0,0,0,0,0,Use The Bitcoin,Bitcoin Search on Google Can Tell the Future Price of Bitcoin,usethebitcoin.com,931138,https://cryptopanic.com/news/931138/Bitcoin-Search-on-Google-Can-Tell-the-Future-Price-of-Bitcoin
2018-01-30 04:05:13.000000,0,0,3,1,0,0,1,0,0,0,0,0,0,0,0,NewsBTC,Bitcoin Cash Price Technical Analysis – BCH/USD Bearish Again,newsbtc.com,929562,https://cryptopanic.com/news/929562/Bitcoin-Cash-Price-Technical-Analysis-BCHUSD-Bearish-Again
2018-01-30 00:00:31.000000,3,1,0,1,1,1,0,1,0,1,0,0,0,0,0,Bitcoin.com,New Website Ranks 600 Cryptocurrencies by Github Activity,bitcoin.com,927999,https://cryptopanic.com/news/927999/New-Website-Ranks-600-Cryptocurrencies-by-Github-Activity
2018-01-29 20:05:00.000000,2,4,0,1,0,0,0,0,0,0,0,0,0,0,0,Investopedia,Bitcoin Hedge Fund Created by 2 Former BlackRock Bond Specialists,investopedia.com,926218,https://cryptopanic.com/news/926218/Bitcoin-Hedge-Fund-Created-by-2-Former-BlackRock-Bond-Specialists
2018-01-29 15:00:16.000000,1,2,2,1,0,0,0,0,0,0,0,0,0,0,0,ZyCrypto,"Bitcoin trading is “gambling,” says Canada’s Central Bank Governor",zycrypto.com,923228,https://cryptopanic.com/news/923228/Bitcoin-trading-is-gambling-says-Canadas-Central-Bank-Governor
2018-01-29 05:57:13.000000,1,4,0,1,0,0,0,0,0,0,0,0,0,0,0,NewsBTC,Bitcoin Price Technical Analysis for 01/29/2018 – Bulls Creeping Back In?,newsbtc.com,919844,https://cryptopanic.com/news/919844/Bitcoin-Price-Technical-Analysis-for-01292018-Bulls-Creeping-Back-In
2018-01-29 04:08:36.000000,2,4,0,1,0,0,1,0,0,0,0,0,0,0,0,NewsBTC,Bitcoin Cash Price Technical Analysis – BCH/USD to Gain Further?,newsbtc.com,919377,https://cryptopanic.com/news/919377/Bitcoin-Cash-Price-Technical-Analysis-BCHUSD-to-Gain-Further
2018-01-29 00:00:19.000000,3,3,0,1,0,0,0,0,0,0,0,0,0,0,0,Bitcoin.com,Growing Number of South Korean Crypto Exchanges Participate in Self-Regulation,bitcoin.com,918003,https://cryptopanic.com/news/918003/Growing-Number-of-South-Korean-Crypto-Exchanges-Participate-in-Self-Regulation
2018-01-28 17:31:15.000000,0,3,0,1,0,0,0,0,0,0,0,0,0,0,0,CoinTelegraph,Bitcoin’s Early 2018 Woes Written in the Stars and Moon?,cointelegraph.com,915722,https://cryptopanic.com/news/915722/Bitcoins-Early-2018-Woes-Written-in-the-Stars-and-Moon
2018-01-28 14:00:16.000000,2,1,1,1,0,0,0,0,0,0,0,0,0,0,0,Bitcoinist,Masked Gunmen Steal ‘Fortune’ in Bitcoin in Daylight UK Robbery,bitcoinist.com,914551,https://cryptopanic.com/news/914551/Masked-Gunmen-Steal-Fortune-in-Bitcoin-in-Daylight-UK-Robbery
2018-01-28 10:15:28.000000,3,4,0,1,0,0,0,0,0,0,0,0,0,0,0,Bitcoinist,Coincheck to Reimburse $425 Million to Users Affected by Hack,bitcoinist.com,913382,https://cryptopanic.com/news/913382/Coincheck-to-Reimburse-425-Million-to-Users-Affected-by-Hack
2018-01-28 10:12:54.000000,7,14,0,1,0,0,0,0,0,0,0,0,0,0,0,Bitcoin.com,Japan’s Largest Consumer Electronics Chain Trials Bitcoin Payments,bitcoin.com,913328,https://cryptopanic.com/news/913328/Japans-Largest-Consumer-Electronics-Chain-Trials-Bitcoin-Payments
2018-01-28 09:00:50.000000,7,16,0,1,0,0,0,0,0,0,0,0,0,0,0,NewsBTC,CFTC Indicates Hedge Funds Expect Bullish Bitcoin Price Momentum,newsbtc.com,913025,https://cryptopanic.com/news/913025/CFTC-Indicates-Hedge-Funds-Expect-Bullish-Bitcoin-Price-Momentum
2018-01-28 07:20:25.546726,5,0,4,1,0,0,0,0,0,0,0,0,0,0,0,r/BitcoinMarkets Reddit,"GDAX = $11,585. BITFINEX = $11,980.",r/BitcoinMarkets,912623,https://cryptopanic.com/news/912623/GDAX-11585-BITFINEX-11980
2018-01-28 06:16:47.000000,12,24,0,1,0,0,0,0,0,0,0,0,0,0,0,NewsBTC,"Bitcoin Price Weekly Analysis – Can BTC/USD Break $12,000?",newsbtc.com,912300,https://cryptopanic.com/news/912300/Bitcoin-Price-Weekly-Analysis-Can-BTCUSD-Break-12000
2018-01-28 06:15:59.000000,1,1,2,1,0,0,1,0,0,0,0,0,0,0,0,NewsBTC,Bitcoin Cash Price Weekly Analysis – Can BCH/USD Recover?,newsbtc.com,912302,https://cryptopanic.com/news/912302/Bitcoin-Cash-Price-Weekly-Analysis-Can-BCHUSD-Recover
2018-01-28 03:29:52.000000,4,6,2,1,0,0,1,0,0,0,0,0,0,0,0,Bitcoin.com,Bitcoin Cash Supporters Prepare for the Network’s Next Six Months,bitcoin.com,911496,https://cryptopanic.com/news/911496/Bitcoin-Cash-Supporters-Prepare-for-the-Networks-Next-Six-Months
2018-01-28 03:01:42.000000,26,49,0,1,0,0,0,0,0,0,0,0,0,0,0,AMBCrypto,Bitcoin breaks through resistance – on an upward trend,ambcrypto.com,911393,https://cryptopanic.com/news/911393/Bitcoin-breaks-through-resistance-on-an-upward-trend
2018-01-28 00:30:46.000000,2,8,0,1,0,0,0,0,0,0,0,0,0,0,0,Bitcoin.com,Lawyers Are Taking Payment in Bitcoin Despite Conflict of Interest Concerns,bitcoin.com,910732,https://cryptopanic.com/news/910732/Lawyers-Are-Taking-Payment-in-Bitcoin-Despite-Conflict-of-Interest-Concerns
2018-01-28 00:15:45.862298,17,3,24,1,0,0,0,0,0,0,0,0,0,0,0,r/BitcoinMarkets Reddit,"Breaking: Tether has ""dissolved"" relationship with auditor Friedman LLP, according to spokesperson for the company behind $USDT token. Story to come.",r/BitcoinMarkets,910342,https://cryptopanic.com/news/910342/Breaking-Tether-has-dissolved-relationship-with-auditor-Friedman-LLP-according-to-spokesperson-for-the-company-behind-USDT-token-Story-to-come
2018-01-27 20:15:20.000000,3,3,1,1,0,0,1,0,0,0,0,0,0,0,0,Live Bitcoin News,Rocketr Helps Charities Accept Bitcoin Cash Donations Without Fees,livebitcoinnews.com,909092,https://cryptopanic.com/news/909092/Rocketr-Helps-Charities-Accept-Bitcoin-Cash-Donations-Without-Fees
2018-01-27 18:10:23.515584,2,7,0,1,0,0,0,0,0,0,0,0,0,0,0,r/Bitcoin Reddit,"Thanks to Bitcoin, I am Happily Self-Unemployed",r/Bitcoin,908405,https://cryptopanic.com/news/908405/Thanks-to-Bitcoin-I-am-Happily-Self-Unemployed
2018-01-27 18:10:19.609787,5,14,4,1,0,0,0,1,0,0,0,0,0,0,0,Litecoin Reddit,"Stripe.com dropped its Bitcoin support, but lookin for opportunities. @LTCFoundation we should help them or maybe they are interested to cooperate with LitePay? its the chance of LTC to show its potential as a currency for payments",r/litecoin,908403,https://cryptopanic.com/news/908403/Stripecom-dropped-its-Bitcoin-support-but-lookin-for-opportunities-LTCFoundation-we-should-help-them-or-maybe-they-are-interested-to-cooperate-with-LitePay-its-the-chance-of-LTC-to-show-its-potential-as-a-currency-for-payments
2018-01-27 17:46:56.000000,8,4,7,1,0,0,0,0,0,0,0,0,0,0,0,Live Bitcoin News,Discover Joins Visa and Mastercard in Barring Bitcoin Support,livebitcoinnews.com,908303,https://cryptopanic.com/news/908303/Discover-Joins-Visa-and-Mastercard-in-Barring-Bitcoin-Support
2018-01-27 17:35:33.479795,16,6,0,1,0,0,0,0,0,0,0,0,0,0,0,Reddit - cryptocurrency,Understanding Bitcoin Futures: How they work and why they are NOT going to crash the crypto market,r/CryptoCurrency,908197,https://cryptopanic.com/news/908197/Understanding-Bitcoin-Futures-How-they-work-and-why-they-are-NOT-going-to-crash-the-crypto-market
2018-01-27 16:03:22.000000,1,10,0,1,1,0,0,0,0,0,0,0,0,0,0,Use The Bitcoin,Bitcoin and Ethereum Can Now Be Used to Pay For Home Rentals,usethebitcoin.com,907680,https://cryptopanic.com/news/907680/Bitcoin-and-Ethereum-Can-Now-Be-Used-to-Pay-For-Home-Rentals
2018-01-27 14:48:55.000000,6,12,0,1,0,0,1,0,0,0,0,0,0,0,0,Trustnodes,BitPay Prepares For Bitcoin Cash Integration,trustnodes.com,907148,https://cryptopanic.com/news/907148/BitPay-Prepares-For-Bitcoin-Cash-Integration
2018-01-27 14:00:48.905889,1,6,1,1,0,0,1,0,0,0,0,0,0,0,0,r/btc Reddit,"Starbucks CEO Wants Crypto. Considering All Currencies Except Bitcoin Core (BTC): ""It is not a currency today nor will it be in the future”",r/btc,906833,https://cryptopanic.com/news/906833/Starbucks-CEO-Wants-Crypto-Considering-All-Currencies-Except-Bitcoin-Core-BTC-It-is-not-a-currency-today-nor-will-it-be-in-the-future
2018-01-27 13:58:07.000000,6,11,0,1,0,0,0,0,0,0,0,0,0,0,0,Bitcoin.com,Bill Submitted to Make Cryptoruble Legal Tender in Russia,bitcoin.com,906815,https://cryptopanic.com/news/906815/Bill-Submitted-to-Make-Cryptoruble-Legal-Tender-in-Russia
2018-01-27 13:02:52.000000,18,32,0,1,1,0,0,0,0,0,0,0,0,0,0,Trustnodes,Ethereum is Now “Just” $80 Billion Away From Overtaking Bitcoin,trustnodes.com,906540,https://cryptopanic.com/news/906540/Ethereum-is-Now-Just-80-Billion-Away-From-Overtaking-Bitcoin
2018-01-27 13:00:56.000000,5,8,1,1,0,0,1,0,0,0,0,0,0,0,0,Profit Confidential,Bitcoin Cash Price Prediction 2018: Indications Suggest BCH Could Prevail,profitconfidential.com,906541,https://cryptopanic.com/news/906541/Bitcoin-Cash-Price-Prediction-2018-Indications-Suggest-BCH-Could-Prevail
2018-01-27 11:32:46.000000,12,3,3,1,0,0,0,0,0,0,0,1,0,0,0,ZyCrypto,Just one person caused the bloodbath of January 8th,zycrypto.com,906099,https://cryptopanic.com/news/906099/Just-one-person-caused-the-bloodbath-of-January-8th
2018-01-27 11:01:33.000000,4,4,0,1,0,0,0,0,0,0,0,0,0,0,0,Bitcoin.com,Vietnam Imported More Mining Rigs in 3 Weeks This Month Than All of Last Year,bitcoin.com,905967,https://cryptopanic.com/news/905967/Vietnam-Imported-More-Mining-Rigs-in-3-Weeks-This-Month-Than-All-of-Last-Year
2018-01-27 10:20:23.583019,0,4,1,1,0,0,1,0,0,0,0,0,0,0,0,r/btc Reddit,Ginza Numazuko sushi restaurant accepts bitcoin cash,r/btc,905739,https://cryptopanic.com/news/905739/Ginza-Numazuko-sushi-restaurant-accepts-bitcoin-cash
2018-01-27 08:38:31.000000,0,1,2,1,0,0,0,0,0,0,0,0,0,0,0,ZyCrypto,Jim McCaughan: Bitcoin’s lack of fundamental value makes it lose the competition against Gold,zycrypto.com,905344,https://cryptopanic.com/news/905344/Jim-McCaughan-Bitcoins-lack-of-fundamental-value-makes-it-lose-the-competition-against-Gold
2018-01-27 07:11:44.000000,3,1,1,1,0,0,0,0,0,0,0,0,0,0,0,CoinTelegraph,How Chinese Bitcoin Buyers Are Getting Around Government Ban,cointelegraph.com,905010,https://cryptopanic.com/news/905010/How-Chinese-Bitcoin-Buyers-Are-Getting-Around-Government-Ban
2018-01-27 02:47:41.000000,17,2,0,1,0,0,0,0,0,0,0,0,0,0,0,AMBCrypto,"Canadian Bitcoins, a cryptocurrency exchange unsuccessfully attacked by armed robbers",ambcrypto.com,903875,https://cryptopanic.com/news/903875/Canadian-Bitcoins-a-cryptocurrency-exchange-unsuccessfully-attacked-by-armed-robbers
2018-01-27 00:14:48.000000,2,1,6,1,0,0,0,0,0,0,0,0,0,0,0,ETHNews,Reports Of Lost Bitcoin On Lightning Network Due To Bugs,ethnews.com,903396,https://cryptopanic.com/news/903396/Reports-Of-Lost-Bitcoin-On-Lightning-Network-Due-To-Bugs
2018-01-26 23:36:14.000000,2,7,2,1,0,0,0,0,0,0,0,0,0,0,0,Quartz,"Artificial intelligence and climate change will ruin us, but blockchain and women will save us",qz.com,902910,https://cryptopanic.com/news/902910/Artificial-intelligence-and-climate-change-will-ruin-us-but-blockchain-and-women-will-save-us
2018-01-26 21:20:22.447276,1,2,2,1,0,0,1,0,0,0,0,0,0,0,0,r/btc Reddit,Bitpay launches updates which will open Bitcoin Cash support to BitPay merchants.,r/btc,902000,https://cryptopanic.com/news/902000/Bitpay-launches-updates-which-will-open-Bitcoin-Cash-support-to-BitPay-merchants
2018-01-26 19:56:11.000000,7,1,15,1,0,1,0,0,0,0,0,0,0,0,0,NewsBTC,$530 Million Hack of a Cryptocurrency Exchange: Security Flaws,newsbtc.com,901412,https://cryptopanic.com/news/901412/530-Million-Hack-of-a-Cryptocurrency-Exchange-Security-Flaws
2018-01-26 19:47:07.000000,4,2,13,1,0,0,0,0,0,0,0,0,0,0,0,Live Bitcoin News,"CME Futures Settle Below $11,000 as Bitcoin Price Continues to Struggle",livebitcoinnews.com,901313,https://cryptopanic.com/news/901313/CME-Futures-Settle-Below-11000-as-Bitcoin-Price-Continues-to-Struggle
2018-01-26 19:00:08.000000,1,20,0,1,0,0,0,0,0,0,0,0,0,0,0,Bitcoin.com,South Korean National Pension Fund Indirectly Invests In Crypto Exchanges,bitcoin.com,900865,https://cryptopanic.com/news/900865/South-Korean-National-Pension-Fund-Indirectly-Invests-In-Crypto-Exchanges
2018-01-26 18:53:03.000000,8,3,14,1,0,0,0,0,0,0,0,0,0,0,0,Coindoo,"Tether a Scam, says Professor Nouriel Roubini",coindoo.com,900873,https://cryptopanic.com/news/900873/Tether-a-Scam-says-Professor-Nouriel-Roubini
2018-01-26 18:35:11.000000,6,0,1,1,0,0,0,0,0,0,0,0,0,0,0,CoinTelegraph,Coincheck: Stolen $534 Mln NEM Were Stored On Low Security Hot Wallet,cointelegraph.com,900763,https://cryptopanic.com/news/900763/Coincheck-Stolen-534-Mln-NEM-Were-Stored-On-Low-Security-Hot-Wallet
2018-01-26 18:26:23.000000,9,7,22,1,0,0,0,0,0,0,0,0,0,0,0,Coindoo,Hints to Bitcoin Ban in Britain,coindoo.com,900637,https://cryptopanic.com/news/900637/Hints-to-Bitcoin-Ban-in-Britain
2018-01-26 18:03:38.000000,1,2,0,1,1,1,0,1,0,0,1,1,0,1,0,Bitcoin.com,Most Cryptocurrencies Are More Centralized Than You Think,bitcoin.com,900488,https://cryptopanic.com/news/900488/Most-Cryptocurrencies-Are-More-Centralized-Than-You-Think
2018-01-26 17:29:41.000000,0,3,1,1,0,0,0,0,0,0,0,0,0,0,0,ZyCrypto,Belgian Ph.D. student at the University of Antwerp decodes one bitcoin out of a DNA sample,zycrypto.com,900166,https://cryptopanic.com/news/900166/Belgian-PhD-student-at-the-University-of-Antwerp-decodes-one-bitcoin-out-of-a-DNA-sample
2018-01-26 17:17:29.000000,11,0,14,1,0,0,0,0,0,0,0,0,0,0,0,NewsBTC,$530 Million Worth of NEM Stolen From Japanese Cryptocurrency Exchange,newsbtc.com,900048,https://cryptopanic.com/news/900048/530-Million-Worth-of-NEM-Stolen-From-Japanese-Cryptocurrency-Exchange
2018-01-26 17:16:39.000000,2,10,3,1,0,0,0,0,0,0,0,0,0,0,0,CoinTelegraph,Katy Perry Posts Her New ‘Crypto Claws’ On Instagram,cointelegraph.com,900045,https://cryptopanic.com/news/900045/Katy-Perry-Posts-Her-New-Crypto-Claws-On-Instagram
2018-01-26 17:08:11.000000,1,5,0,1,1,0,0,0,0,0,0,0,0,0,0,CoinJournal,Prominent VC: Robinhood and TT Integrating Bitcoin is “A Big Deal”,coinjournal.net,899887,https://cryptopanic.com/news/899887/Prominent-VC-Robinhood-and-TT-Integrating-Bitcoin-is-A-Big-Deal
2018-01-26 16:36:19.000000,1,10,1,1,0,1,0,0,0,0,0,0,0,0,0,Profit Confidential,Ripple Price Prediction: 3 Issues with Bloomberg’s XRP Takedown,profitconfidential.com,899648,https://cryptopanic.com/news/899648/Ripple-Price-Prediction-3-Issues-with-Bloombergs-XRP-Takedown
2018-01-26 16:25:42.000000,3,17,0,1,0,0,0,0,0,0,0,0,0,0,0,ZyCrypto,Cryptocurrency expert says now is the best time to invest in Bitcoin,zycrypto.com,899568,https://cryptopanic.com/news/899568/Cryptocurrency-expert-says-now-is-the-best-time-to-invest-in-Bitcoin
2018-01-26 16:00:14.000000,1,5,1,1,0,0,0,0,0,0,0,0,0,0,0,NewsBTC,Katy Perry Joins Cryptocurrency Celebs Club,newsbtc.com,899253,https://cryptopanic.com/news/899253/Katy-Perry-Joins-Cryptocurrency-Celebs-Club
2018-01-26 15:56:39.000000,3,5,0,1,1,0,0,1,0,0,0,0,0,0,0,Use The Bitcoin,Playing Poker Using Bitcoin And Cryptocurrencies? You Can Do It Now With GGPoker!,usethebitcoin.com,899255,https://cryptopanic.com/news/899255/Playing-Poker-Using-Bitcoin-And-Cryptocurrencies-You-Can-Do-It-Now-With-GGPoker
2018-01-26 15:32:32.000000,1,1,10,1,0,0,0,0,0,0,0,0,0,0,0,ZyCrypto,Nobel prize awardee warns Bitcoin would not last long,zycrypto.com,898921,https://cryptopanic.com/news/898921/Nobel-prize-awardee-warns-Bitcoin-would-not-last-long
2018-01-26 14:59:07.000000,13,17,0,1,0,0,0,0,0,0,0,0,0,0,0,Bitcoin.com,Bank of Japan: No Big Problems With Bitcoin So Far,bitcoin.com,898548,https://cryptopanic.com/news/898548/Bank-of-Japan-No-Big-Problems-With-Bitcoin-So-Far
2018-01-26 14:15:06.000000,9,12,1,1,0,0,0,0,0,0,0,0,0,0,0,Coindoo,A (Possible) Russian Law Could Be Applied in Terms of Cryptocurrency Using: It’s Still a Draft,coindoo.com,898189,https://cryptopanic.com/news/898189/A-Possible-Russian-Law-Could-Be-Applied-in-Terms-of-Cryptocurrency-Using-Its-Still-a-Draft
2018-01-26 14:09:58.000000,3,1,1,1,1,0,0,0,0,0,0,0,0,0,0,Profit Confidential,Ethereum Price Forecast: Davos Sends Mixed Messages to Crypto Investors,profitconfidential.com,898147,https://cryptopanic.com/news/898147/Ethereum-Price-Forecast-Davos-Sends-Mixed-Messages-to-Crypto-Investors
2018-01-26 14:09:11.000000,0,4,0,1,1,0,0,0,0,0,0,0,0,0,0,Trustnodes,"Nearly Half a Million Flock to Robinhood, Stock App to Add Free Crypto Trading",trustnodes.com,898146,https://cryptopanic.com/news/898146/Nearly-Half-a-Million-Flock-to-Robinhood-Stock-App-to-Add-Free-Crypto-Trading
2018-01-26 14:05:43.000000,3,5,2,1,1,0,0,1,0,0,0,0,0,0,0,Coindoo,The CEO of BTCC Exchange Trusts Only Four Cryptocurrencies,coindoo.com,898108,https://cryptopanic.com/news/898108/The-CEO-of-BTCC-Exchange-Trusts-Only-Four-Cryptocurrencies
2018-01-26 13:42:00.000000,0,1,8,1,0,0,0,0,0,0,0,0,0,0,0,NewsBTC,"Bitcoin Analysis January 29, 2018",newsbtc.com,897875,https://cryptopanic.com/news/897875/Bitcoin-Analysis-January-29-2018
2018-01-26 13:26:53.000000,5,8,0,1,0,0,1,0,0,0,0,0,0,0,0,Trustnodes,Ukrainian Politicians Declare $200 Million Worth of Bitcoin and Bitcoin Cash Holdings,trustnodes.com,897817,https://cryptopanic.com/news/897817/Ukrainian-Politicians-Declare-200-Million-Worth-of-Bitcoin-and-Bitcoin-Cash-Holdings
2018-01-26 12:35:56.000000,3,1,11,1,0,0,0,0,0,0,0,0,0,0,0,Coindoo,Privacy Tests Failed by All Major Korean Crypto-Exchanges,coindoo.com,897382,https://cryptopanic.com/news/897382/Privacy-Tests-Failed-by-All-Major-Korean-Crypto-Exchanges
2018-01-26 12:30:45.000000,1,4,0,1,0,0,0,0,0,0,0,0,0,0,0,Bitcoin.com,Robinhood Smartphone Trading App Adding Bitcoin and Ether,bitcoin.com,897267,https://cryptopanic.com/news/897267/Robinhood-Smartphone-Trading-App-Adding-Bitcoin-and-Ether
2018-01-26 12:18:18.000000,15,44,1,1,0,0,0,0,0,0,0,0,0,0,0,Use The Bitcoin,Chinese Initial Coin Offering Ban May End In 2018,usethebitcoin.com,897238,https://cryptopanic.com/news/897238/Chinese-Initial-Coin-Offering-Ban-May-End-In-2018
2018-01-26 11:21:20.000000,8,0,8,1,0,0,0,0,0,0,0,0,0,0,0,Jon Matonis,RT @alistairmilne: Someone has opened nearly 4000 BTC of shorts vs USD since around 8am. We are either being front-run or they want to caus…,@jonmatonis,896800,https://cryptopanic.com/news/896800/RT-alistairmilne-Someone-has-opened-nearly-4000-BTC-of-shorts-vs-USD-since-around-8am-We-are-either-being-front-run-or-they-want-to-caus
2018-01-26 11:01:06.000000,12,27,0,1,0,0,0,0,0,0,0,0,0,0,0,AMBCrypto,Robinhood brings “commission free” trading starting next month – Feb to be a green month?,ambcrypto.com,896720,https://cryptopanic.com/news/896720/Robinhood-brings-commission-free-trading-starting-next-month-Feb-to-be-a-green-month
2018-01-26 11:00:58.000000,2,5,4,1,0,0,1,0,0,0,0,0,0,0,0,NewsBTC,Vinny Lingham is Rather Bullish on Bitcoin Cash Than Bitcoin,newsbtc.com,896686,https://cryptopanic.com/news/896686/Vinny-Lingham-is-Rather-Bullish-on-Bitcoin-Cash-Than-Bitcoin
2018-01-26 10:58:10.000000,5,8,0,1,0,0,0,0,0,0,0,0,0,0,0,Bitcoin.com,Russia Finalizes Federal Law on Cryptocurrency Regulation,bitcoin.com,896638,https://cryptopanic.com/news/896638/Russia-Finalizes-Federal-Law-on-Cryptocurrency-Regulation
2018-01-26 10:40:18.900688,15,32,2,1,0,0,0,0,0,0,0,0,0,0,0,r/Bitcoin Reddit,CME BTC Futures Expiring (anti-FUD),r/Bitcoin,896505,https://cryptopanic.com/news/896505/CME-BTC-Futures-Expiring-anti-FUD
2018-01-26 10:33:46.000000,2,2,0,1,0,0,0,0,0,0,0,0,0,0,0,Coindoo,The CEO of the Central Bank of Canada Wants to Regulate the Cryptocurrencies’ Usage,coindoo.com,896475,https://cryptopanic.com/news/896475/The-CEO-of-the-Central-Bank-of-Canada-Wants-to-Regulate-the-Cryptocurrencies-Usage
2018-01-26 10:27:37.000000,0,3,0,1,0,0,0,0,0,0,0,0,0,0,0,Coindoo,Versabank Will Launch a Cryptocurrency Vault,coindoo.com,896476,https://cryptopanic.com/news/896476/Versabank-Will-Launch-a-Cryptocurrency-Vault
2018-01-26 10:18:37.000000,18,2,21,1,0,0,0,0,0,0,0,0,0,0,0,AMBCrypto,As Japan’s Coincheck freeze withdrawals Bitcoin loses $1200 in value in just 2 hours,ambcrypto.com,896384,https://cryptopanic.com/news/896384/As-Japans-Coincheck-freeze-withdrawals-Bitcoin-loses-1200-in-value-in-just-2-hours
